# Blender 5.2.1 LTS
# www.blender.org
mtllib biomass_bower_b.mtl
o biomass_bower_b
v -2.200000 -0.000000 -0.400000
v -1.836270 0.070000 -0.400000
v -1.942800 0.070000 -0.155050
v -2.200000 0.070000 -0.053590
v -2.457200 0.070000 -0.155050
v -2.563730 0.070000 -0.400000
v -2.457200 0.070000 -0.644950
v -2.200000 0.070000 -0.746410
v -1.942800 0.070000 -0.644950
v -1.836270 0.210000 -0.400000
v -1.942800 0.210000 -0.155050
v -2.200000 0.210000 -0.053590
v -2.457200 0.210000 -0.155050
v -2.563730 0.210000 -0.400000
v -2.457200 0.210000 -0.644950
v -2.200000 0.210000 -0.746410
v -1.942800 0.210000 -0.644950
v -2.200000 0.280000 -0.400000
v -2.200000 0.121470 -0.609990
v -1.981830 3.863540 -0.583810
v -2.334760 0.128980 -0.560810
v -2.116590 3.871050 -0.534630
v -2.406460 0.132290 -0.436380
v -2.188290 3.874360 -0.410200
v -2.381560 0.129850 -0.294930
v -2.163390 3.871920 -0.268750
v -2.271700 0.122800 -0.202640
v -2.053540 3.864870 -0.176460
v -2.128300 0.114440 -0.202700
v -1.910130 3.856510 -0.176520
v -2.018440 0.108680 -0.295080
v -1.800280 3.850750 -0.268900
v -1.993540 0.108220 -0.436550
v -1.775370 3.850290 -0.410370
v -2.065240 0.113270 -0.560920
v -1.847080 3.855340 -0.534740
v -2.047280 2.664830 -0.373820
v -2.670380 3.020690 0.195610
v -2.213830 3.114690 0.307260
v -1.757290 3.020690 0.418900
v -2.380380 2.896550 0.988330
v -2.081280 2.664830 -0.382130
v -2.414380 2.896550 0.980020
v -2.059080 2.631990 -0.371120
v -2.392180 2.863710 0.991030
v -2.020580 2.644530 -0.363840
v -2.353670 2.876250 0.998310
v -2.018980 2.685120 -0.370350
v -2.352080 2.916850 0.991800
v -2.056500 2.697670 -0.381660
v -2.389600 2.929390 0.980490
v -3.126340 3.183180 -0.410580
v -2.872330 3.291180 0.065950
v -2.618330 3.183180 0.542480
v -3.697380 3.221530 0.505730
v -2.063750 2.664830 -0.404710
v -3.713850 3.221530 0.474840
v -2.060750 2.632920 -0.378900
v -3.710850 3.189630 0.500650
v -2.039140 2.645110 -0.346070
v -3.689250 3.201820 0.533480
v -2.028780 2.684540 -0.351590
v -3.678880 3.241250 0.527950
v -2.043990 2.696730 -0.387830
v -3.694090 3.253440 0.491710
v -2.951480 3.196280 -1.193440
v -3.108680 3.290280 -0.750500
v -3.265870 3.196280 -0.307570
v -4.170080 3.247730 -1.127190
v -2.035580 2.664830 -0.406800
v -4.158370 3.247730 -1.160170
v -2.051530 2.632600 -0.386800
v -4.174320 3.215500 -1.140170
v -2.061610 2.644910 -0.348860
v -4.184400 3.227810 -1.102230
v -2.051900 2.684740 -0.345410
v -4.174690 3.267640 -1.098780
v -2.035810 2.697050 -0.381220
v -4.158600 3.279950 -1.134590
v -1.848800 3.047940 -1.267790
v -2.343570 3.155940 -1.051460
v -2.838340 3.047940 -0.835130
v -2.639860 2.951050 -1.729110
v -2.015210 2.664830 -0.387840
v -2.607790 2.951050 -1.743130
v -2.039910 2.632150 -0.383950
v -2.632480 2.918370 -1.739230
v -2.074790 2.644630 -0.366060
v -2.667370 2.930850 -1.721350
v -2.071660 2.685020 -0.358900
v -2.664230 2.971250 -1.714180
v -2.034840 2.697510 -0.372360
v -2.627410 2.983730 -1.727650
v -1.231770 2.874550 -0.896930
v -1.645580 2.968550 -1.119770
v -2.059400 2.874550 -1.342610
v -1.243880 2.604270 -1.865720
v -2.016470 2.664830 -0.357230
v -1.213070 2.604270 -1.849130
v -2.038320 2.631560 -0.367650
v -1.234920 2.571000 -1.859550
v -2.072560 2.644270 -0.386600
v -1.269160 2.583710 -1.878500
v -2.071870 2.685390 -0.387890
v -1.268470 2.624830 -1.879790
v -2.037200 2.698090 -0.369740
v -1.233800 2.637530 -1.861640
v -1.015900 2.835520 0.049660
v -1.078400 2.943520 -0.486710
v -1.140890 2.835520 -1.023090
v -0.109510 2.526210 -0.599610
v -2.043230 2.664830 -0.339060
v -0.105460 2.526210 -0.564840
v -2.048380 2.631620 -0.362800
v -0.110600 2.493000 -0.588590
v -2.052010 2.644310 -0.401780
v -0.114230 2.505690 -0.627570
v -2.049110 2.685350 -0.402110
v -0.111340 2.546730 -0.627900
v -2.043690 2.698030 -0.363350
v -0.105910 2.559410 -0.589140
v -1.997640 2.966730 0.417990
v -1.637150 3.060730 0.116410
v -1.276670 2.966730 -0.185170
v -1.227030 2.788640 0.606640
v -2.074130 2.664830 -0.351360
v -1.253870 2.788640 0.629100
v -2.053520 2.631690 -0.364420
v -1.233260 2.755510 0.616040
v -2.024290 2.644350 -0.390470
v -1.204040 2.768160 0.589990
v -2.026840 2.685300 -0.393510
v -1.206580 2.809120 0.586950
v -2.057640 2.697960 -0.369340
v -1.237380 2.821770 0.611120
v -1.981830 3.962070 -0.400000
v -1.628280 4.014790 -0.400000
v -1.695800 4.014790 -0.204660
v -1.872580 4.014790 -0.083930
v -2.091090 4.014790 -0.083930
v -2.267860 4.014790 -0.204660
v -2.335390 4.014790 -0.400000
v -2.267860 4.014790 -0.595340
v -2.091090 4.014790 -0.716070
v -1.872580 4.014790 -0.716070
v -1.695800 4.014790 -0.595340
v -1.481830 4.142070 -0.400000
v -1.577330 4.142070 -0.123740
v -1.827330 4.142070 0.047000
v -2.136340 4.142070 0.047000
v -2.386340 4.142070 -0.123740
v -2.481830 4.142070 -0.400000
v -2.386340 4.142070 -0.676260
v -2.136340 4.142070 -0.847000
v -1.827330 4.142070 -0.847000
v -1.577330 4.142070 -0.676260
v -1.628280 4.269350 -0.400000
v -1.695800 4.269350 -0.204660
v -1.872580 4.269350 -0.083930
v -2.091090 4.269350 -0.083930
v -2.267860 4.269350 -0.204660
v -2.335390 4.269350 -0.400000
v -2.267860 4.269350 -0.595340
v -2.091090 4.269350 -0.716070
v -1.872580 4.269350 -0.716070
v -1.695800 4.269350 -0.595340
v -1.981830 4.322070 -0.400000
v -2.035950 3.992070 -0.023170
v -1.897380 4.032070 -0.023170
v -1.949560 4.032070 0.078400
v -2.066780 4.032070 0.103480
v -2.160790 4.032070 0.033200
v -2.160790 4.032070 -0.079530
v -2.066780 4.032070 -0.149810
v -1.949560 4.032070 -0.124730
v -1.897380 4.112070 -0.023170
v -1.949560 4.112070 0.078400
v -2.066780 4.112070 0.103480
v -2.160790 4.112070 0.033200
v -2.160790 4.112070 -0.079530
v -2.066780 4.112070 -0.149810
v -1.949560 4.112070 -0.124730
v -2.035950 4.152070 -0.023170
v -2.394670 3.992070 -0.330120
v -2.256110 4.032070 -0.330120
v -2.308280 4.032070 -0.228550
v -2.425500 4.032070 -0.203470
v -2.519510 4.032070 -0.273750
v -2.519510 4.032070 -0.386480
v -2.425500 4.032070 -0.456760
v -2.308280 4.032070 -0.431680
v -2.256110 4.112070 -0.330120
v -2.308280 4.112070 -0.228550
v -2.425500 4.112070 -0.203470
v -2.519510 4.112070 -0.273750
v -2.519510 4.112070 -0.386480
v -2.425500 4.112070 -0.456760
v -2.308280 4.112070 -0.431680
v -2.394670 4.152070 -0.330120
v -2.182870 3.992070 -0.733640
v -2.044300 4.032070 -0.733640
v -2.096470 4.032070 -0.632080
v -2.213700 4.032070 -0.607000
v -2.307710 4.032070 -0.677280
v -2.307710 4.032070 -0.790010
v -2.213700 4.032070 -0.860290
v -2.096470 4.032070 -0.835210
v -2.044300 4.112070 -0.733640
v -2.096470 4.112070 -0.632080
v -2.213700 4.112070 -0.607000
v -2.307710 4.112070 -0.677280
v -2.307710 4.112070 -0.790010
v -2.213700 4.112070 -0.860290
v -2.096470 4.112070 -0.835210
v -2.182870 4.152070 -0.733640
v -1.693240 3.992070 -0.676090
v -1.554680 4.032070 -0.676090
v -1.606850 4.032070 -0.574520
v -1.724080 4.032070 -0.549440
v -1.818080 4.032070 -0.619720
v -1.818080 4.032070 -0.732450
v -1.724080 4.032070 -0.802730
v -1.606850 4.032070 -0.777650
v -1.554680 4.112070 -0.676090
v -1.606850 4.112070 -0.574520
v -1.724080 4.112070 -0.549440
v -1.818080 4.112070 -0.619720
v -1.818080 4.112070 -0.732450
v -1.724080 4.112070 -0.802730
v -1.606850 4.112070 -0.777650
v -1.693240 4.152070 -0.676090
v -1.602440 3.992070 -0.236990
v -1.463880 4.032070 -0.236990
v -1.516050 4.032070 -0.135420
v -1.633280 4.032070 -0.110340
v -1.727280 4.032070 -0.180620
v -1.727280 4.032070 -0.293350
v -1.633280 4.032070 -0.363630
v -1.516050 4.032070 -0.338550
v -1.463880 4.112070 -0.236990
v -1.516050 4.112070 -0.135420
v -1.633280 4.112070 -0.110340
v -1.727280 4.112070 -0.180620
v -1.727280 4.112070 -0.293350
v -1.633280 4.112070 -0.363630
v -1.516050 4.112070 -0.338550
v -1.602440 4.152070 -0.236990
v -0.900000 0.000000 0.800000
v -0.536270 0.070000 0.800000
v -0.642800 0.070000 1.044950
v -0.900000 0.070000 1.146410
v -1.157200 0.070000 1.044950
v -1.263730 0.070000 0.800000
v -1.157200 0.070000 0.555050
v -0.900000 0.070000 0.453590
v -0.642800 0.070000 0.555050
v -0.536270 0.210000 0.800000
v -0.642800 0.210000 1.044950
v -0.900000 0.210000 1.146410
v -1.157200 0.210000 1.044950
v -1.263730 0.210000 0.800000
v -1.157200 0.210000 0.555050
v -0.900000 0.210000 0.453590
v -0.642800 0.210000 0.555050
v -0.900000 0.280000 0.800000
v -0.900000 0.120070 0.640000
v -0.884260 4.542450 0.641890
v -1.002850 0.120420 0.677430
v -0.987110 4.542800 0.679320
v -1.057570 0.120570 0.772220
v -1.041830 4.542960 0.774100
v -1.038560 0.120460 0.880000
v -1.022830 4.542840 0.881890
v -0.954720 0.120130 0.950350
v -0.938990 4.542510 0.952240
v -0.845280 0.119740 0.950350
v -0.829540 4.542120 0.952240
v -0.761440 0.119470 0.880000
v -0.745700 4.541860 0.881890
v -0.742430 0.119450 0.772220
v -0.726690 4.541830 0.774100
v -0.797150 0.119690 0.677430
v -0.781420 4.542070 0.679320
v -0.888980 3.134240 0.801890
v -1.807450 3.701630 0.783520
v -1.575110 3.795630 1.192080
v -1.342770 3.701630 1.600640
v -2.261230 3.789020 1.582270
v -0.906290 3.134240 0.771460
v -2.278530 3.789020 1.551850
v -0.905420 3.103500 0.798790
v -2.277660 3.758270 1.579170
v -0.881840 3.115240 0.830400
v -2.254090 3.770010 1.610780
v -0.868140 3.153250 0.822610
v -2.240380 3.808020 1.602990
v -0.883240 3.164990 0.786180
v -2.255490 3.819760 1.566560
v -1.589730 3.717040 -0.054080
v -1.787430 3.825040 0.448420
v -1.985120 3.717040 0.950930
v -2.685870 3.819830 0.094960
v -0.876170 3.134240 0.769320
v -2.673050 3.819830 0.062390
v -0.895390 3.102880 0.787750
v -2.692270 3.788460 0.080820
v -0.905760 3.114860 0.825720
v -2.702640 3.800440 0.118790
v -0.892950 3.153630 0.830760
v -2.689830 3.839210 0.123830
v -0.874660 3.165610 0.795900
v -2.671540 3.851190 0.088970
v -0.778070 3.542570 -0.423900
v -1.226860 3.636570 -0.284300
v -1.675650 3.542570 -0.144700
v -1.564740 3.470890 -1.370490
v -0.855560 3.134240 0.791490
v -1.531320 3.470890 -1.380880
v -0.880100 3.101320 0.794020
v -1.555860 3.437960 -1.378350
v -0.916920 3.113890 0.807420
v -1.592670 3.450540 -1.364950
v -0.915130 3.154600 0.813170
v -1.590880 3.491240 -1.359200
v -0.877210 3.167170 0.803330
v -1.552970 3.503820 -1.369050
v -0.003460 3.338630 0.455430
v -0.450990 3.446630 0.153240
v -0.898510 3.338630 -0.148950
v -0.012990 3.063020 -0.495420
v -0.859980 3.134240 0.821470
v 0.016020 3.063020 -0.475830
v -0.880870 3.100990 0.809190
v -0.004870 3.029770 -0.488110
v -0.912970 3.113690 0.786820
v -0.036980 3.042470 -0.510490
v -0.911930 3.154800 0.785270
v -0.035930 3.083570 -0.512040
v -0.879170 3.167500 0.806690
v -0.003180 3.096270 -0.490620
v 0.097810 3.292730 1.199830
v 0.062970 3.386730 0.731120
v 0.028120 3.292730 0.262420
v 1.014920 2.971210 0.660360
v -0.886390 3.134240 0.836790
v 1.017510 2.971210 0.695260
v -0.891010 3.101080 0.812880
v 1.012890 2.938040 0.671360
v -0.892830 3.113750 0.773780
v 1.011070 2.950710 0.632250
v -0.889340 3.154740 0.773520
v 1.014560 2.991710 0.631990
v -0.885360 3.167410 0.812460
v 1.018540 3.004370 0.670940
v -0.521850 3.447060 1.999810
v -0.124170 3.555060 1.634510
v 0.273520 3.447060 1.269200
v 0.640650 3.279870 2.467120
v -0.914760 3.134240 0.825570
v 0.614870 3.279870 2.490800
v -0.895500 3.101030 0.810780
v 0.634130 3.246650 2.476010
v -0.867240 3.113710 0.783710
v 0.662400 3.259340 2.448940
v -0.869030 3.154770 0.781760
v 0.660610 3.300400 2.446990
v -0.898400 3.167460 0.807630
v 0.631240 3.313080 2.472860
v -1.477140 3.659730 1.502650
v -1.013050 3.753730 1.576940
v -0.548960 3.659730 1.651230
v -1.137110 3.705220 2.351990
v -0.923540 3.134240 0.796360
v -1.171670 3.705220 2.346460
v -0.901460 3.102960 0.811410
v -1.149590 3.673930 2.361520
v -0.862140 3.114910 0.813310
v -1.110260 3.685880 2.363410
v -0.859910 3.153580 0.799420
v -1.108040 3.724550 2.349520
v -0.897870 3.165530 0.788940
v -1.145990 3.736500 2.339050
v -0.884260 4.642380 0.800000
v -0.530710 4.695100 0.800000
v -0.598230 4.695100 0.995340
v -0.775010 4.695100 1.116070
v -0.993520 4.695100 1.116070
v -1.170290 4.695100 0.995340
v -1.237820 4.695100 0.800000
v -1.170290 4.695100 0.604660
v -0.993520 4.695100 0.483930
v -0.775010 4.695100 0.483930
v -0.598230 4.695100 0.604660
v -0.384260 4.822380 0.800000
v -0.479750 4.822380 1.076260
v -0.729750 4.822380 1.247000
v -1.038770 4.822380 1.247000
v -1.288770 4.822380 1.076260
v -1.384260 4.822380 0.800000
v -1.288770 4.822380 0.523740
v -1.038770 4.822380 0.353000
v -0.729750 4.822380 0.353000
v -0.479750 4.822380 0.523740
v -0.530710 4.949660 0.800000
v -0.598230 4.949660 0.995340
v -0.775010 4.949660 1.116070
v -0.993520 4.949660 1.116070
v -1.170290 4.949660 0.995340
v -1.237820 4.949660 0.800000
v -1.170290 4.949660 0.604660
v -0.993520 4.949660 0.483930
v -0.775010 4.949660 0.483930
v -0.598230 4.949660 0.604660
v -0.884260 5.002380 0.800000
v -0.938380 4.672380 1.176830
v -0.799810 4.712380 1.176830
v -0.851980 4.712380 1.278400
v -0.969210 4.712380 1.303480
v -1.063220 4.712380 1.233200
v -1.063220 4.712380 1.120470
v -0.969210 4.712380 1.050190
v -0.851980 4.712380 1.075270
v -0.799810 4.792380 1.176830
v -0.851980 4.792380 1.278400
v -0.969210 4.792380 1.303480
v -1.063220 4.792380 1.233200
v -1.063220 4.792380 1.120470
v -0.969210 4.792380 1.050190
v -0.851980 4.792380 1.075270
v -0.938380 4.832380 1.176830
v -1.297100 4.672380 0.869880
v -1.158540 4.712380 0.869880
v -1.210710 4.712380 0.971450
v -1.327930 4.712380 0.996530
v -1.421940 4.712380 0.926250
v -1.421940 4.712380 0.813520
v -1.327930 4.712380 0.743240
v -1.210710 4.712380 0.768320
v -1.158540 4.792380 0.869880
v -1.210710 4.792380 0.971450
v -1.327930 4.792380 0.996530
v -1.421940 4.792380 0.926250
v -1.421940 4.792380 0.813520
v -1.327930 4.792380 0.743240
v -1.210710 4.792380 0.768320
v -1.297100 4.832380 0.869880
v -1.085300 4.672380 0.466360
v -0.946730 4.712380 0.466360
v -0.998900 4.712380 0.567920
v -1.116130 4.712380 0.593000
v -1.210140 4.712380 0.522720
v -1.210140 4.712380 0.409990
v -1.116130 4.712380 0.339710
v -0.998900 4.712380 0.364790
v -0.946730 4.792380 0.466360
v -0.998900 4.792380 0.567920
v -1.116130 4.792380 0.593000
v -1.210140 4.792380 0.522720
v -1.210140 4.792380 0.409990
v -1.116130 4.792380 0.339710
v -0.998900 4.792380 0.364790
v -1.085300 4.832380 0.466360
v -0.595670 4.672380 0.523910
v -0.457110 4.712380 0.523910
v -0.509280 4.712380 0.625480
v -0.626500 4.712380 0.650560
v -0.720510 4.712380 0.580280
v -0.720510 4.712380 0.467550
v -0.626500 4.712380 0.397270
v -0.509280 4.712380 0.422350
v -0.457110 4.792380 0.523910
v -0.509280 4.792380 0.625480
v -0.626500 4.792380 0.650560
v -0.720510 4.792380 0.580280
v -0.720510 4.792380 0.467550
v -0.626500 4.792380 0.397270
v -0.509280 4.792380 0.422350
v -0.595670 4.832380 0.523910
v -0.504870 4.672380 0.963010
v -0.366310 4.712380 0.963010
v -0.418480 4.712380 1.064580
v -0.535700 4.712380 1.089660
v -0.629710 4.712380 1.019380
v -0.629710 4.712380 0.906650
v -0.535700 4.712380 0.836370
v -0.418480 4.712380 0.861450
v -0.366310 4.792380 0.963010
v -0.418480 4.792380 1.064580
v -0.535700 4.792380 1.089660
v -0.629710 4.792380 1.019380
v -0.629710 4.792380 0.906650
v -0.535700 4.792380 0.836370
v -0.418480 4.792380 0.861450
v -0.504870 4.832380 0.963010
v 0.700000 -0.000000 -0.500000
v 1.063730 0.070000 -0.500000
v 0.957200 0.070000 -0.255050
v 0.700000 0.070000 -0.153590
v 0.442800 0.070000 -0.255050
v 0.336270 0.070000 -0.500000
v 0.442800 0.070000 -0.744950
v 0.700000 0.070000 -0.846410
v 0.957200 0.070000 -0.744950
v 1.063730 0.210000 -0.500000
v 0.957200 0.210000 -0.255050
v 0.700000 0.210000 -0.153590
v 0.442800 0.210000 -0.255050
v 0.336270 0.210000 -0.500000
v 0.442800 0.210000 -0.744950
v 0.700000 0.210000 -0.846410
v 0.957200 0.210000 -0.744950
v 0.700000 0.280000 -0.500000
v 0.700000 0.118580 -0.710000
v 0.488110 3.889350 -0.735420
v 0.565230 0.111340 -0.660810
v 0.353340 3.882110 -0.686240
v 0.493520 0.108150 -0.536390
v 0.281630 3.878920 -0.561810
v 0.518420 0.110510 -0.394930
v 0.306530 3.881280 -0.420360
v 0.628290 0.117300 -0.302640
v 0.416400 3.888070 -0.328070
v 0.771710 0.125360 -0.302700
v 0.559820 3.896130 -0.328120
v 0.881580 0.130910 -0.395070
v 0.669690 3.901680 -0.420500
v 0.906480 0.131360 -0.536540
v 0.694600 3.902130 -0.561970
v 0.834770 0.126490 -0.660920
v 0.622880 3.897260 -0.686340
v 0.551680 2.684630 -0.525430
v 0.015540 3.218250 -1.279420
v -0.176020 3.312250 -0.850230
v -0.367590 3.218250 -0.421040
v -0.903720 3.271860 -1.175030
v 0.565940 2.684630 -0.557390
v -0.889460 3.271860 -1.207000
v 0.545580 2.653400 -0.539990
v -0.909820 3.240630 -1.189600
v 0.533640 2.665330 -0.502470
v -0.921760 3.252560 -1.152080
v 0.546630 2.703940 -0.496670
v -0.908770 3.291170 -1.146280
v 0.566600 2.715870 -0.530610
v -0.888810 3.303100 -1.180220
v 0.870660 3.068810 -1.629920
v 0.342280 3.176810 -1.518510
v -0.186100 3.068810 -1.407100
v 0.132890 2.972980 -2.511590
v 0.585920 2.684630 -0.532650
v 0.167130 2.972980 -2.518810
v 0.561290 2.651680 -0.532240
v 0.142500 2.940030 -2.518400
v 0.523370 2.664260 -0.522420
v 0.104580 2.952620 -2.508580
v 0.524570 2.705000 -0.516750
v 0.105780 2.993350 -2.502910
v 0.563230 2.717590 -0.523080
v 0.144440 3.005940 -2.509240
v 1.703900 2.894130 -1.209310
v 1.337490 2.988130 -1.503650
v 0.971070 2.894130 -1.797990
v 2.123290 2.623620 -2.481880
v 0.578960 2.684630 -0.503510
v 2.150580 2.623620 -2.459960
v 0.559600 2.651350 -0.518020
v 2.131220 2.590350 -2.474470
v 0.529290 2.664070 -0.542770
v 2.100910 2.603060 -2.499220
v 0.529920 2.705200 -0.543550
v 2.101530 2.644190 -2.500000
v 0.560620 2.717910 -0.519280
v 2.132230 2.656900 -2.475730
v 1.512540 2.854810 -0.016830
v 1.494730 2.962810 -0.556540
v 1.476930 2.854810 -1.096240
v 2.437790 2.544980 -0.587640
v 0.552830 2.684630 -0.490450
v 2.438950 2.544980 -0.552660
v 0.549580 2.651440 -0.514540
v 2.435690 2.511790 -0.576750
v 0.549230 2.664120 -0.553680
v 2.435340 2.524470 -0.615890
v 0.552260 2.705150 -0.553780
v 2.438380 2.565500 -0.615990
v 0.554490 2.717830 -0.514700
v 2.440600 2.578180 -0.576920
v 0.979080 2.987000 0.596380
v 1.317710 3.081000 0.270440
v 1.656340 2.987000 -0.055490
v 2.083750 2.809360 1.066320
v 0.526460 2.684630 -0.501160
v 2.058530 2.809360 1.090590
v 0.545190 2.651400 -0.516570
v 2.077250 2.776130 1.075170
v 0.572880 2.664090 -0.544230
v 2.104950 2.788820 1.047520
v 0.571270 2.705170 -0.545900
v 2.103340 2.829900 1.045840
v 0.542580 2.717870 -0.519280
v 2.074650 2.842600 1.072460
v -0.121970 3.169160 0.628300
v 0.414620 3.277160 0.688860
v 0.951210 3.169160 0.749430
v 0.277560 3.173700 1.903150
v 0.516900 2.684630 -0.529350
v 0.242780 3.173700 1.899230
v 0.540200 2.651990 -0.520150
v 0.266080 3.141060 1.908430
v 0.579360 2.664460 -0.518240
v 0.305240 3.153520 1.910340
v 0.580270 2.704800 -0.526260
v 0.306150 3.193870 1.902320
v 0.541660 2.717270 -0.533130
v 0.267550 3.206340 1.895450
v -0.386320 3.233820 -0.495270
v -0.138000 3.327820 -0.096230
v 0.110330 3.233820 0.302810
v -0.827670 3.303010 0.332960
v 0.533190 2.684630 -0.555140
v -0.846160 3.303010 0.303250
v 0.535910 2.653520 -0.528350
v -0.843440 3.271910 0.330040
v 0.560430 2.665410 -0.497520
v -0.818920 3.283790 0.360870
v 0.572850 2.703860 -0.505250
v -0.806490 3.322240 0.353140
v 0.556020 2.715740 -0.540870
v -0.823330 3.334120 0.317530
v 0.488110 3.990770 -0.500000
v 0.841660 4.043490 -0.500000
v 0.774140 4.043490 -0.304660
v 0.597370 4.043490 -0.183930
v 0.378860 4.043490 -0.183930
v 0.202080 4.043490 -0.304660
v 0.134560 4.043490 -0.500000
v 0.202080 4.043490 -0.695340
v 0.378860 4.043490 -0.816070
v 0.597370 4.043490 -0.816070
v 0.774140 4.043490 -0.695340
v 0.988110 4.170770 -0.500000
v 0.892620 4.170770 -0.223740
v 0.642620 4.170770 -0.053000
v 0.333600 4.170770 -0.053000
v 0.083600 4.170770 -0.223740
v -0.011890 4.170770 -0.500000
v 0.083600 4.170770 -0.776260
v 0.333600 4.170770 -0.947000
v 0.642620 4.170770 -0.947000
v 0.892620 4.170770 -0.776260
v 0.841660 4.298050 -0.500000
v 0.774140 4.298050 -0.304660
v 0.597370 4.298050 -0.183930
v 0.378860 4.298050 -0.183930
v 0.202080 4.298050 -0.304660
v 0.134560 4.298050 -0.500000
v 0.202080 4.298050 -0.695340
v 0.378860 4.298050 -0.816070
v 0.597370 4.298050 -0.816070
v 0.774140 4.298050 -0.695340
v 0.488110 4.350770 -0.500000
v 0.434000 4.020770 -0.123170
v 0.572560 4.060770 -0.123170
v 0.520390 4.060770 -0.021600
v 0.403160 4.060770 0.003480
v 0.309150 4.060770 -0.066800
v 0.309150 4.060770 -0.179530
v 0.403160 4.060770 -0.249810
v 0.520390 4.060770 -0.224730
v 0.572560 4.140770 -0.123170
v 0.520390 4.140770 -0.021600
v 0.403160 4.140770 0.003480
v 0.309150 4.140770 -0.066800
v 0.309150 4.140770 -0.179530
v 0.403160 4.140770 -0.249810
v 0.520390 4.140770 -0.224730
v 0.434000 4.180770 -0.123170
v 0.075270 4.020770 -0.430120
v 0.213840 4.060770 -0.430120
v 0.161670 4.060770 -0.328550
v 0.044440 4.060770 -0.303470
v -0.049570 4.060770 -0.373750
v -0.049570 4.060770 -0.486480
v 0.044440 4.060770 -0.556760
v 0.161670 4.060770 -0.531680
v 0.213840 4.140770 -0.430120
v 0.161670 4.140770 -0.328550
v 0.044440 4.140770 -0.303470
v -0.049570 4.140770 -0.373750
v -0.049570 4.140770 -0.486480
v 0.044440 4.140770 -0.556760
v 0.161670 4.140770 -0.531680
v 0.075270 4.180770 -0.430120
v 0.287080 4.020770 -0.833640
v 0.425640 4.060770 -0.833640
v 0.373470 4.060770 -0.732080
v 0.256250 4.060770 -0.707000
v 0.162240 4.060770 -0.777280
v 0.162240 4.060770 -0.890010
v 0.256250 4.060770 -0.960290
v 0.373470 4.060770 -0.935210
v 0.425640 4.140770 -0.833640
v 0.373470 4.140770 -0.732080
v 0.256250 4.140770 -0.707000
v 0.162240 4.140770 -0.777280
v 0.162240 4.140770 -0.890010
v 0.256250 4.140770 -0.960290
v 0.373470 4.140770 -0.935210
v 0.287080 4.180770 -0.833640
v 0.776700 4.020770 -0.776090
v 0.915270 4.060770 -0.776090
v 0.863100 4.060770 -0.674520
v 0.745870 4.060770 -0.649440
v 0.651860 4.060770 -0.719720
v 0.651860 4.060770 -0.832450
v 0.745870 4.060770 -0.902730
v 0.863100 4.060770 -0.877650
v 0.915270 4.140770 -0.776090
v 0.863100 4.140770 -0.674520
v 0.745870 4.140770 -0.649440
v 0.651860 4.140770 -0.719720
v 0.651860 4.140770 -0.832450
v 0.745870 4.140770 -0.902730
v 0.863100 4.140770 -0.877650
v 0.776700 4.180770 -0.776090
v 0.867500 4.020770 -0.336990
v 1.006070 4.060770 -0.336990
v 0.953900 4.060770 -0.235420
v 0.836670 4.060770 -0.210340
v 0.742660 4.060770 -0.280620
v 0.742660 4.060770 -0.393350
v 0.836670 4.060770 -0.463630
v 0.953900 4.060770 -0.438550
v 1.006070 4.140770 -0.336990
v 0.953900 4.140770 -0.235420
v 0.836670 4.140770 -0.210340
v 0.742660 4.140770 -0.280620
v 0.742660 4.140770 -0.393350
v 0.836670 4.140770 -0.463630
v 0.953900 4.140770 -0.438550
v 0.867500 4.180770 -0.336990
v 2.100000 0.000000 0.600000
v 2.463730 0.070000 0.600000
v 2.357200 0.070000 0.844950
v 2.100000 0.070000 0.946410
v 1.842800 0.070000 0.844950
v 1.736270 0.070000 0.600000
v 1.842800 0.070000 0.355050
v 2.100000 0.070000 0.253590
v 2.357200 0.070000 0.355050
v 2.463730 0.210000 0.600000
v 2.357200 0.210000 0.844950
v 2.100000 0.210000 0.946410
v 1.842800 0.210000 0.844950
v 1.736270 0.210000 0.600000
v 1.842800 0.210000 0.355050
v 2.100000 0.210000 0.253590
v 2.357200 0.210000 0.355050
v 2.100000 0.280000 0.600000
v 2.100000 0.119360 0.440000
v 1.999740 3.104010 0.427970
v 1.997210 0.116050 0.477450
v 1.896950 3.100710 0.465420
v 1.942520 0.114600 0.572240
v 1.842260 3.099250 0.560210
v 1.961510 0.115670 0.680020
v 1.861250 3.100330 0.667990
v 2.045310 0.118770 0.750360
v 1.945050 3.103430 0.738330
v 2.154690 0.122440 0.750340
v 2.054430 3.107100 0.738310
v 2.238490 0.124970 0.679980
v 2.138230 3.109630 0.667950
v 2.257480 0.125180 0.572200
v 2.157220 3.109830 0.560160
v 2.202790 0.122960 0.477420
v 2.102530 3.107610 0.465390
v 2.029820 2.142210 0.587970
v 2.285320 2.497260 -0.432350
v 1.826430 2.591260 -0.330760
v 1.367540 2.497260 -0.229170
v 1.623040 2.372310 -1.249490
v 2.063990 2.142210 0.580400
v 1.657210 2.372310 -1.257050
v 2.039510 2.109170 0.581690
v 1.632730 2.339260 -1.255770
v 2.001630 2.121790 0.591650
v 1.594850 2.351880 -1.245810
v 2.002710 2.162630 0.596530
v 1.595930 2.392730 -1.240930
v 2.041250 2.175250 0.589580
v 1.634470 2.405350 -1.247880
v 3.166770 2.357870 0.027670
v 2.744450 2.465870 -0.308860
v 2.322130 2.357870 -0.645380
v 3.459090 2.093530 -1.205680
v 2.057190 2.142210 0.609780
v 3.486460 2.093530 -1.183870
v 2.037840 2.108930 0.595260
v 3.467100 2.060250 -1.198390
v 2.007400 2.121640 0.570660
v 3.436670 2.072960 -1.222990
v 2.007950 2.162780 0.569980
v 3.437210 2.114100 -1.223670
v 2.038720 2.175490 0.594160
v 3.467980 2.126810 -1.199490
v 3.380100 2.326500 1.027340
v 3.369400 2.420500 0.557460
v 3.358700 2.326500 0.087580
v 4.708980 2.030780 0.526960
v 2.030620 2.142210 0.622960
v 4.709770 2.030780 0.561950
v 2.028680 2.108950 0.598810
v 4.707840 1.997520 0.537800
v 2.028320 2.121660 0.559680
v 4.707480 2.010220 0.498670
v 2.030030 2.162770 0.559640
v 4.709190 2.051330 0.498630
v 2.031450 2.175470 0.598750
v 4.710610 2.064040 0.537740
v 2.276650 2.431980 1.681580
v 2.681000 2.539980 1.323680
v 3.085360 2.431980 0.965770
v 3.332190 2.241740 2.059390
v 2.003610 2.142210 0.611170
v 3.305980 2.241740 2.082580
v 2.022840 2.108970 0.596400
v 3.325210 2.208500 2.067820
v 2.051710 2.121670 0.569980
v 3.354080 2.221200 2.041400
v 2.050330 2.162760 0.568420
v 3.352700 2.262290 2.039840
v 2.020600 2.175460 0.593880
v 3.322980 2.274990 2.065290
v 1.380770 2.577340 1.625110
v 1.844390 2.671340 1.702260
v 2.308010 2.577340 1.779410
v 1.658960 2.532460 2.816550
v 1.995290 2.142210 0.582220
v 1.624440 2.532460 2.810800
v 2.018220 2.109410 0.591780
v 1.647360 2.499660 2.820360
v 2.057180 2.121940 0.596070
v 1.686320 2.512190 2.824650
v 2.058320 2.162490 0.589160
v 1.687470 2.552740 2.817740
v 2.020080 2.175010 0.580600
v 1.649220 2.565270 2.809180
v 0.649610 2.628930 0.717340
v 0.905450 2.736930 1.192890
v 1.161300 2.628930 1.668430
v -0.218920 2.635650 1.797800
v 2.013240 2.142210 0.557150
v -0.235500 2.635650 1.766980
v 2.019130 2.109530 0.581440
v -0.229600 2.602970 1.791270
v 2.039800 2.122010 0.614750
v -0.208940 2.615460 1.824590
v 2.046670 2.162410 0.611060
v -0.202060 2.655850 1.820890
v 2.030260 2.174900 0.575450
v -0.218480 2.668340 1.785290
v 1.389330 2.539330 -0.223260
v 1.193220 2.633330 0.203870
v 0.997120 2.539330 0.631000
v 0.356630 2.456440 -0.180230
v 2.044420 2.142210 0.556160
v 0.371230 2.456440 -0.212040
v 2.029240 2.109400 0.575800
v 0.356050 2.423630 -0.192400
v 2.014860 2.121930 0.612260
v 0.341670 2.436160 -0.155950
v 2.021150 2.162490 0.615150
v 0.347960 2.476720 -0.153060
v 2.039420 2.175030 0.580480
v 0.366230 2.489250 -0.187730
v 1.999740 3.204660 0.600000
v 2.353290 3.257380 0.600000
v 2.285770 3.257380 0.795340
v 2.108990 3.257380 0.916070
v 1.890490 3.257380 0.916070
v 1.713710 3.257380 0.795340
v 1.646190 3.257380 0.600000
v 1.713710 3.257380 0.404660
v 1.890490 3.257380 0.283930
v 2.108990 3.257380 0.283930
v 2.285770 3.257380 0.404660
v 2.499740 3.384660 0.600000
v 2.404250 3.384660 0.876260
v 2.154250 3.384660 1.047000
v 1.845230 3.384660 1.047000
v 1.595230 3.384660 0.876260
v 1.499740 3.384660 0.600000
v 1.595230 3.384660 0.323740
v 1.845230 3.384660 0.153000
v 2.154250 3.384660 0.153000
v 2.404250 3.384660 0.323740
v 2.353290 3.511940 0.600000
v 2.285770 3.511940 0.795340
v 2.108990 3.511940 0.916070
v 1.890490 3.511940 0.916070
v 1.713710 3.511940 0.795340
v 1.646190 3.511940 0.600000
v 1.713710 3.511940 0.404660
v 1.890490 3.511940 0.283930
v 2.108990 3.511940 0.283930
v 2.285770 3.511940 0.404660
v 1.999740 3.564660 0.600000
v 1.945630 3.234660 0.976830
v 2.084190 3.274660 0.976830
v 2.032020 3.274660 1.078400
v 1.914790 3.274660 1.103480
v 1.820780 3.274660 1.033200
v 1.820780 3.274660 0.920470
v 1.914790 3.274660 0.850190
v 2.032020 3.274660 0.875270
v 2.084190 3.354660 0.976830
v 2.032020 3.354660 1.078400
v 1.914790 3.354660 1.103480
v 1.820780 3.354660 1.033200
v 1.820780 3.354660 0.920470
v 1.914790 3.354660 0.850190
v 2.032020 3.354660 0.875270
v 1.945630 3.394660 0.976830
v 1.586900 3.234660 0.669880
v 1.725470 3.274660 0.669880
v 1.673300 3.274660 0.771450
v 1.556070 3.274660 0.796530
v 1.462060 3.274660 0.726250
v 1.462060 3.274660 0.613520
v 1.556070 3.274660 0.543240
v 1.673300 3.274660 0.568320
v 1.725470 3.354660 0.669880
v 1.673300 3.354660 0.771450
v 1.556070 3.354660 0.796530
v 1.462060 3.354660 0.726250
v 1.462060 3.354660 0.613520
v 1.556070 3.354660 0.543240
v 1.673300 3.354660 0.568320
v 1.586900 3.394660 0.669880
v 1.798710 3.234660 0.266360
v 1.937270 3.274660 0.266360
v 1.885100 3.274660 0.367920
v 1.767870 3.274660 0.393000
v 1.673870 3.274660 0.322720
v 1.673870 3.274660 0.209990
v 1.767870 3.274660 0.139710
v 1.885100 3.274660 0.164790
v 1.937270 3.354660 0.266360
v 1.885100 3.354660 0.367920
v 1.767870 3.354660 0.393000
v 1.673870 3.354660 0.322720
v 1.673870 3.354660 0.209990
v 1.767870 3.354660 0.139710
v 1.885100 3.354660 0.164790
v 1.798710 3.394660 0.266360
v 2.288330 3.234660 0.323910
v 2.426900 3.274660 0.323910
v 2.374730 3.274660 0.425480
v 2.257500 3.274660 0.450560
v 2.163490 3.274660 0.380280
v 2.163490 3.274660 0.267550
v 2.257500 3.274660 0.197270
v 2.374730 3.274660 0.222350
v 2.426900 3.354660 0.323910
v 2.374730 3.354660 0.425480
v 2.257500 3.354660 0.450560
v 2.163490 3.354660 0.380280
v 2.163490 3.354660 0.267550
v 2.257500 3.354660 0.197270
v 2.374730 3.354660 0.222350
v 2.288330 3.394660 0.323910
v 2.379130 3.234660 0.763010
v 2.517700 3.274660 0.763010
v 2.465530 3.274660 0.864580
v 2.348300 3.274660 0.889660
v 2.254290 3.274660 0.819380
v 2.254290 3.274660 0.706650
v 2.348300 3.274660 0.636370
v 2.465530 3.274660 0.661450
v 2.517700 3.354660 0.763010
v 2.465530 3.354660 0.864580
v 2.348300 3.354660 0.889660
v 2.254290 3.354660 0.819380
v 2.254290 3.354660 0.706650
v 2.348300 3.354660 0.636370
v 2.465530 3.354660 0.661450
v 2.379130 3.394660 0.763010
v -0.020380 0.040000 0.666400
v -0.120380 0.490000 0.666400
v -0.100380 0.040000 0.804960
v -0.150380 0.490000 0.718360
v -0.260380 0.040000 0.804960
v -0.210380 0.490000 0.718360
v -0.340380 0.040000 0.666400
v -0.240380 0.490000 0.666400
v -0.260380 0.040000 0.527830
v -0.210380 0.490000 0.614440
v -0.100380 0.040000 0.527830
v -0.150380 0.490000 0.614440
v -2.056220 0.040000 -1.511110
v -2.156220 0.610000 -1.511110
v -2.136220 0.040000 -1.372550
v -2.186220 0.610000 -1.459150
v -2.296220 0.040000 -1.372550
v -2.246220 0.610000 -1.459150
v -2.376220 0.040000 -1.511110
v -2.276220 0.610000 -1.511110
v -2.296220 0.040000 -1.649680
v -2.246220 0.610000 -1.563070
v -2.136220 0.040000 -1.649680
v -2.186220 0.610000 -1.563070
v 2.553690 0.040000 0.250680
v 2.453690 0.730000 0.250680
v 2.473690 0.040000 0.389250
v 2.423690 0.730000 0.302650
v 2.313690 0.040000 0.389250
v 2.363690 0.730000 0.302650
v 2.233690 0.040000 0.250680
v 2.333690 0.730000 0.250680
v 2.313690 0.040000 0.112120
v 2.363690 0.730000 0.198720
v 2.473690 0.040000 0.112120
v 2.423690 0.730000 0.198720
v -4.073250 0.040000 1.184500
v -4.173250 0.850000 1.184500
v -4.153250 0.040000 1.323070
v -4.203250 0.850000 1.236460
v -4.313250 0.040000 1.323070
v -4.263250 0.850000 1.236460
v -4.393250 0.040000 1.184500
v -4.293250 0.850000 1.184500
v -4.313250 0.040000 1.045940
v -4.263250 0.850000 1.132540
v -4.153250 0.040000 1.045940
v -4.203250 0.850000 1.132540
v 1.195740 0.040000 -1.604750
v 1.095740 0.490000 -1.604750
v 1.115740 0.040000 -1.466190
v 1.065740 0.490000 -1.552790
v 0.955740 0.040000 -1.466190
v 1.005740 0.490000 -1.552790
v 0.875740 0.040000 -1.604750
v 0.975740 0.490000 -1.604750
v 0.955740 0.040000 -1.743320
v 1.005740 0.490000 -1.656720
v 1.115740 0.040000 -1.743320
v 1.065740 0.490000 -1.656720
v 1.058590 0.040000 0.911060
v 0.958590 0.610000 0.911060
v 0.978590 0.040000 1.049620
v 0.928590 0.610000 0.963020
v 0.818590 0.040000 1.049620
v 0.868590 0.610000 0.963020
v 0.738590 0.040000 0.911060
v 0.838590 0.610000 0.911060
v 0.818590 0.040000 0.772490
v 0.868590 0.610000 0.859100
v 0.978590 0.040000 0.772490
v 0.928590 0.610000 0.859100
v -4.055160 0.040000 -0.822320
v -4.155160 0.730000 -0.822320
v -4.135160 0.040000 -0.683760
v -4.185160 0.730000 -0.770360
v -4.295160 0.040000 -0.683760
v -4.245160 0.730000 -0.770360
v -4.375160 0.040000 -0.822320
v -4.275160 0.730000 -0.822320
v -4.295160 0.040000 -0.960880
v -4.245160 0.730000 -0.874280
v -4.135160 0.040000 -0.960880
v -4.185160 0.730000 -0.874280
v 3.111880 0.040000 -0.527760
v 3.011880 0.850000 -0.527760
v 3.031880 0.040000 -0.389200
v 2.981880 0.850000 -0.475800
v 2.871880 0.040000 -0.389200
v 2.921880 0.850000 -0.475800
v 2.791880 0.040000 -0.527760
v 2.891880 0.850000 -0.527760
v 2.871880 0.040000 -0.666330
v 2.921880 0.850000 -0.579720
v 3.031880 0.040000 -0.666330
v 2.981880 0.850000 -0.579720
v -0.635120 0.040000 0.748290
v -0.735120 0.490000 0.748290
v -0.715120 0.040000 0.886850
v -0.765120 0.490000 0.800250
v -0.875120 0.040000 0.886850
v -0.825120 0.490000 0.800250
v -0.955120 0.040000 0.748290
v -0.855120 0.490000 0.748290
v -0.875120 0.040000 0.609730
v -0.825120 0.490000 0.696330
v -0.715120 0.040000 0.609730
v -0.765120 0.490000 0.696330
v -0.964100 0.040000 -1.942450
v -1.064100 0.610000 -1.942450
v -1.044100 0.040000 -1.803890
v -1.094100 0.610000 -1.890490
v -1.204100 0.040000 -1.803890
v -1.154100 0.610000 -1.890490
v -1.284100 0.040000 -1.942450
v -1.184100 0.610000 -1.942450
v -1.204100 0.040000 -2.081020
v -1.154100 0.610000 -1.994410
v -1.044100 0.040000 -2.081020
v -1.094100 0.610000 -1.994410
v 2.536380 0.040000 0.710790
v 2.436380 0.730000 0.710790
v 2.456380 0.040000 0.849350
v 2.406380 0.730000 0.762750
v 2.296380 0.040000 0.849350
v 2.346380 0.730000 0.762750
v 2.216380 0.040000 0.710790
v 2.316380 0.730000 0.710790
v 2.296380 0.040000 0.572230
v 2.346380 0.730000 0.658830
v 2.456380 0.040000 0.572230
v 2.406380 0.730000 0.658830
v -1.216020 0.040000 0.123830
v -1.316020 0.850000 0.123830
v -1.296020 0.040000 0.262400
v -1.346020 0.850000 0.175790
v -1.456020 0.040000 0.262400
v -1.406020 0.850000 0.175790
v -1.536020 0.040000 0.123830
v -1.436020 0.850000 0.123830
v -1.456020 0.040000 -0.014730
v -1.406020 0.850000 0.071870
v -1.296020 0.040000 -0.014730
v -1.346020 0.850000 0.071870
vn -0.0000 -1.0000 -0.0000
vn 0.8236 -0.5671 -0.0000
vn 0.5724 -0.5682 0.5913
vn -0.0000 -0.5690 0.8223
vn -0.5724 -0.5682 0.5913
vn -0.8236 -0.5671 -0.0000
vn -0.5724 -0.5682 -0.5913
vn -0.0000 -0.5690 -0.8223
vn 0.5724 -0.5682 -0.5913
vn 0.8236 0.5671 -0.0000
vn 0.5724 0.5682 0.5913
vn -0.0000 0.5690 0.8223
vn -0.5724 0.5682 0.5913
vn -0.8236 0.5671 -0.0000
vn -0.5724 0.5682 -0.5913
vn -0.0000 0.5690 -0.8223
vn 0.5724 0.5682 -0.5913
vn -0.0000 1.0000 -0.0000
vn -0.0371 -0.6311 -0.7748
vn 0.0371 0.6419 -0.7659
vn -0.5314 -0.6036 -0.5944
vn -0.4572 0.6694 -0.5855
vn -0.7945 -0.5914 -0.1379
vn -0.7203 0.6816 -0.1290
vn -0.7031 -0.6004 0.3810
vn -0.6289 0.6726 0.3899
vn -0.3001 -0.6262 0.7195
vn -0.2259 0.6468 0.7284
vn 0.2259 -0.6569 0.7193
vn 0.3002 0.6161 0.7282
vn 0.6289 -0.6780 0.3804
vn 0.7031 0.5950 0.3894
vn 0.7203 -0.6797 -0.1385
vn 0.7945 0.5933 -0.1296
vn 0.4572 -0.6612 -0.5948
vn 0.5314 0.6118 -0.5859
vn 0.0575 0.9975 -0.0419
vn -0.1521 0.9691 -0.1941
vn 0.0303 0.9918 -0.1238
vn 0.2245 0.9691 -0.1020
vn -0.0706 0.9549 0.2886
vn -0.6407 -0.0971 -0.7617
vn -0.9198 0.0971 0.3802
vn -0.1311 -0.8508 -0.5089
vn -0.4103 -0.6565 0.6329
vn 0.7525 -0.5630 -0.3419
vn 0.4734 -0.3688 0.7999
vn 0.7892 0.3686 -0.4913
vn 0.5098 0.5629 0.6505
vn -0.0719 0.6565 -0.7509
vn -0.3512 0.8508 0.3910
vn 0.1530 0.9431 -0.2953
vn 0.2167 0.9694 -0.1155
vn 0.3304 0.9431 0.0376
vn -0.0656 0.9972 0.0349
vn 0.1260 -0.1699 -0.9774
vn -0.8817 0.1699 -0.4402
vn 0.1948 -0.9021 -0.3851
vn -0.8129 -0.5622 0.1521
vn 0.6906 -0.6225 0.3683
vn -0.3172 -0.2823 0.9053
vn 0.9284 0.2825 0.2415
vn -0.0792 0.6225 0.7786
vn 0.5794 0.5622 -0.5901
vn -0.4282 0.9021 -0.0530
vn 0.2919 0.9514 -0.0983
vn 0.2122 0.9743 0.0753
vn 0.1646 0.9514 0.2603
vn -0.0356 0.9993 -0.0126
vn 0.8121 -0.1492 -0.5641
vn -0.2748 0.1493 -0.9498
vn 0.4461 -0.8888 -0.1051
vn -0.6409 -0.5903 -0.4908
vn 0.2148 -0.6063 0.7657
vn -0.8723 -0.3078 0.3800
vn 0.4376 0.3078 0.8449
vn -0.6494 0.6063 0.4591
vn 0.8069 0.5903 0.0230
vn -0.2801 0.8888 -0.3627
vn 0.2486 0.9647 0.0869
vn 0.0600 0.9887 0.1373
vn -0.1050 0.9647 0.2414
vn -0.1070 0.9637 -0.2446
vn 0.9702 -0.1132 0.2141
vn 0.5016 0.1131 -0.8577
vn 0.4035 -0.8632 0.3034
vn -0.0650 -0.6368 -0.7683
vn -0.3970 -0.5767 0.7140
vn -0.8656 -0.3503 -0.3579
vn -0.3252 0.3503 0.8784
vn -0.7937 0.5768 -0.1933
vn 0.5197 0.6369 0.5694
vn 0.0513 0.8631 -0.5024
vn 0.1886 0.9800 0.0632
vn 0.0140 0.9996 -0.0261
vn -0.1565 0.9800 -0.1227
vn 0.1873 0.9187 -0.3478
vn 0.4250 0.0213 0.9050
vn 0.9894 -0.0212 -0.1433
vn -0.0766 -0.7422 0.6658
vn 0.4879 -0.7846 -0.3825
vn -0.8624 -0.4506 0.2309
vn -0.2978 -0.4930 -0.8174
vn -0.8464 0.4931 0.2013
vn -0.2820 0.4506 -0.8470
vn -0.0507 0.7847 0.6178
vn 0.5137 0.7421 -0.4305
vn 0.0900 0.9783 0.1865
vn 0.0601 0.9982 -0.0070
vn 0.0447 0.9783 -0.2022
vn 0.3907 0.9194 -0.0455
vn -0.4972 0.0423 0.8666
vn 0.6831 -0.0421 0.7291
vn -0.6153 -0.7197 0.3216
vn 0.5651 -0.8042 0.1840
vn -0.6986 -0.4286 -0.5729
vn 0.4819 -0.5130 -0.7104
vn -0.6322 0.5132 -0.5805
vn 0.5482 0.4288 -0.7181
vn -0.5078 0.8041 0.3091
vn 0.6728 0.7197 0.1714
vn -0.2071 0.9767 0.0569
vn -0.0462 0.9974 -0.0552
vn 0.0925 0.9767 -0.1938
vn 0.2513 0.9201 0.3004
vn -0.9965 -0.0574 0.0606
vn -0.2356 0.0574 0.9702
vn -0.5236 -0.8178 -0.2390
vn 0.2374 -0.7029 0.6705
vn 0.1472 -0.5273 -0.8368
vn 0.9080 -0.4126 0.0726
vn 0.0887 0.4125 -0.9066
vn 0.8496 0.5274 0.0029
vn -0.6180 0.7029 -0.3520
vn 0.1428 0.8178 0.5576
vn 0.4648 -0.8854 -0.0000
vn 0.3712 -0.8828 0.2880
vn 0.1390 -0.8787 0.4567
vn -0.1390 -0.8787 0.4567
vn -0.3712 -0.8828 0.2880
vn -0.4648 -0.8854 -0.0000
vn -0.3712 -0.8828 -0.2880
vn -0.1390 -0.8787 -0.4567
vn 0.1390 -0.8787 -0.4567
vn 0.3712 -0.8828 -0.2880
vn 1.0000 -0.0000 -0.0000
vn 0.7987 -0.0000 0.6018
vn 0.2988 -0.0000 0.9543
vn -0.2988 -0.0000 0.9543
vn -0.7987 -0.0000 0.6017
vn -1.0000 -0.0000 -0.0000
vn -0.7987 -0.0000 -0.6017
vn -0.2988 -0.0000 -0.9543
vn 0.2988 -0.0000 -0.9543
vn 0.7987 -0.0000 -0.6018
vn 0.4648 0.8854 -0.0000
vn 0.3712 0.8828 0.2880
vn 0.1390 0.8787 0.4567
vn -0.1390 0.8787 0.4567
vn -0.3712 0.8828 0.2880
vn -0.4648 0.8854 -0.0000
vn -0.3712 0.8828 -0.2880
vn -0.1390 0.8787 -0.4567
vn 0.1390 0.8787 -0.4567
vn 0.3712 0.8828 -0.2880
vn 0.8487 -0.5289 -0.0000
vn 0.5171 -0.5293 0.6727
vn -0.1822 -0.5292 0.8287
vn -0.7592 -0.5291 0.3790
vn -0.7593 -0.5291 -0.3790
vn -0.1822 -0.5292 -0.8287
vn 0.5171 -0.5293 -0.6727
vn 0.8487 0.5289 -0.0000
vn 0.5171 0.5293 0.6727
vn -0.1822 0.5292 0.8287
vn -0.7593 0.5291 0.3790
vn -0.7593 0.5291 -0.3790
vn -0.1822 0.5292 -0.8287
vn 0.5171 0.5293 -0.6727
vn -0.7592 0.5291 -0.3790
vn 0.5171 0.5292 -0.6727
vn -0.7593 -0.5291 0.3790
vn 0.5171 -0.5292 -0.6727
vn -0.0023 -0.6373 -0.7706
vn 0.0023 0.6379 -0.7701
vn -0.4974 -0.6356 -0.5904
vn -0.4929 0.6396 -0.5899
vn -0.7609 -0.6349 -0.1340
vn -0.7563 0.6404 -0.1335
vn -0.6694 -0.6354 0.3849
vn -0.6649 0.6398 0.3854
vn -0.2657 -0.6370 0.7236
vn -0.2612 0.6382 0.7242
vn 0.2612 -0.6388 0.7236
vn 0.2657 0.6363 0.7242
vn 0.6649 -0.6402 0.3849
vn 0.6693 0.6352 0.3854
vn 0.7564 -0.6403 -0.1340
vn 0.7609 0.6350 -0.1335
vn 0.4929 -0.6391 -0.5904
vn 0.4974 0.6361 -0.5899
vn 0.0866 0.9955 -0.0386
vn 0.2275 0.9127 -0.3394
vn 0.2823 0.9458 -0.1605
vn 0.4079 0.9127 -0.0220
vn -0.0073 1.0000 0.0041
vn 0.0812 -0.2283 -0.9702
vn -0.8754 0.2283 -0.4261
vn 0.1012 -0.9338 -0.3431
vn -0.8555 -0.4774 0.2008
vn 0.6423 -0.6643 0.3822
vn -0.3145 -0.2079 0.9262
vn 0.9568 0.2079 0.2035
vn 0.0001 0.6643 0.7474
vn 0.6102 0.4772 -0.6324
vn -0.3466 0.9338 -0.0885
vn 0.3679 0.9282 -0.0547
vn 0.2721 0.9563 0.1071
vn 0.2320 0.9282 0.2908
vn -0.0050 1.0000 -0.0020
vn 0.8164 -0.1994 -0.5419
vn -0.2283 0.1993 -0.9530
vn 0.3754 -0.9192 -0.1190
vn -0.6694 -0.5205 -0.5301
vn 0.1375 -0.6442 0.7524
vn -0.9073 -0.2456 0.3413
vn 0.4315 0.2456 0.8681
vn -0.6133 0.6442 0.4570
vn 0.8511 0.5205 0.0681
vn -0.1936 0.9192 -0.3429
vn 0.2273 0.9708 0.0772
vn 0.0388 0.9914 0.1249
vn -0.1434 0.9708 0.1925
vn -0.0428 0.9896 -0.1376
vn 0.9420 -0.0872 0.3241
vn 0.5920 0.0872 -0.8012
vn 0.3789 -0.8428 0.3822
vn 0.0287 -0.6685 -0.7432
vn -0.4659 -0.5543 0.6897
vn -0.8161 -0.3798 -0.4356
vn -0.4249 0.3799 0.8217
vn -0.7750 0.5542 -0.3037
vn 0.4453 0.6684 0.5958
vn 0.0951 0.8428 -0.5297
vn 0.1864 0.9797 0.0741
vn 0.0202 0.9993 -0.0300
vn -0.1384 0.9797 -0.1452
vn 0.2463 0.8979 -0.3647
vn 0.3327 0.0269 0.9427
vn 0.9987 -0.0270 -0.0437
vn -0.1467 -0.7361 0.6608
vn 0.5193 -0.7902 -0.3255
vn -0.8835 -0.4446 0.1473
vn -0.2175 -0.4987 -0.8390
vn -0.8596 0.4987 0.1118
vn -0.1935 0.4446 -0.8746
vn -0.1077 0.7901 0.6034
vn 0.5581 0.7360 -0.3831
vn 0.0955 0.9773 0.1889
vn 0.0728 0.9973 -0.0054
vn 0.0665 0.9773 -0.2010
vn 0.3980 0.9169 -0.0296
vn -0.5323 0.0506 0.8450
vn 0.6515 -0.0506 0.7569
vn -0.6384 -0.7104 0.2963
vn 0.5455 -0.8118 0.2084
vn -0.6801 -0.4197 -0.6011
vn 0.5037 -0.5211 -0.6890
vn -0.6000 0.5211 -0.6070
vn 0.5838 0.4198 -0.6950
vn -0.5087 0.8118 0.2867
vn 0.6751 0.7104 0.1988
vn -0.1861 0.9787 0.0868
vn -0.0384 0.9984 -0.0418
vn 0.1022 0.9787 -0.1781
vn 0.1600 0.9716 0.1742
vn -0.9937 -0.0384 0.1057
vn -0.1894 0.0383 0.9812
vn -0.5517 -0.8006 -0.2337
vn 0.2526 -0.7241 0.6418
vn 0.0969 -0.5095 -0.8550
vn 0.9012 -0.4328 0.0207
vn 0.0558 0.4328 -0.8998
vn 0.8601 0.5095 -0.0241
vn -0.6182 0.7240 -0.3061
vn 0.1862 0.8006 0.5696
vn -0.1317 0.9273 -0.3503
vn 0.0453 0.9580 -0.2830
vn 0.2345 0.9273 -0.2917
vn -0.0097 0.9981 0.0609
vn -0.7047 -0.2037 -0.6797
vn -0.8816 0.2037 0.4258
vn -0.1978 -0.9215 -0.3342
vn -0.3749 -0.5143 0.7714
vn 0.7046 -0.6473 -0.2906
vn 0.5277 -0.2400 0.8148
vn 0.7557 0.2400 -0.6094
vn 0.5787 0.6473 0.4961
vn -0.1155 0.5142 -0.8499
vn -0.2922 0.9215 0.2558
vn 0.7987 -0.0000 0.6017
vn 0.7987 -0.0000 -0.6017
vn 0.0358 -0.6418 -0.7660
vn -0.0358 0.6314 -0.7747
vn -0.4586 -0.6684 -0.5856
vn -0.5302 0.6048 -0.5942
vn -0.7217 -0.6801 -0.1292
vn -0.7932 0.5931 -0.1378
vn -0.6303 -0.6714 0.3897
vn -0.7019 0.6018 0.3811
vn -0.2273 -0.6465 0.7283
vn -0.2988 0.6267 0.7197
vn 0.2988 -0.6169 0.7281
vn 0.2273 0.6562 0.7195
vn 0.7019 -0.5966 0.3892
vn 0.6303 0.6766 0.3806
vn 0.7932 -0.5949 -0.1298
vn 0.7217 0.6783 -0.1384
vn 0.5302 -0.6128 -0.5860
vn 0.4586 0.6604 -0.5946
vn 0.0986 0.9951 -0.0106
vn 0.3761 0.9259 -0.0349
vn 0.2661 0.9566 0.1188
vn 0.2251 0.9259 0.3033
vn -0.0462 0.9987 -0.0206
vn 0.8377 -0.2060 -0.5057
vn -0.1831 0.2059 -0.9613
vn 0.3705 -0.9227 -0.1064
vn -0.6504 -0.5109 -0.5621
vn 0.0965 -0.6490 0.7547
vn -0.9244 -0.2371 0.2989
vn 0.3946 0.2370 0.8878
vn -0.6263 0.6489 0.4321
vn 0.8528 0.5107 0.1088
vn -0.1681 0.9227 -0.3468
vn 0.2180 0.9716 0.0920
vn 0.0251 0.9926 0.1190
vn -0.1623 0.9716 0.1722
vn -0.0406 0.9804 -0.1927
vn 0.9076 -0.0839 0.4113
vn 0.6642 0.0837 -0.7428
vn 0.3424 -0.8401 0.4207
vn 0.0990 -0.6725 -0.7334
vn -0.5279 -0.5513 0.6461
vn -0.7712 -0.3835 -0.5081
vn -0.5004 0.3836 0.7762
vn -0.7438 0.5513 -0.3780
vn 0.3868 0.6725 0.6309
vn 0.1434 0.8401 -0.5232
vn 0.1676 0.9803 0.1044
vn 0.0138 0.9998 -0.0172
vn -0.1381 0.9803 -0.1411
vn 0.1747 0.9603 -0.2175
vn 0.2532 0.0145 0.9673
vn 0.9991 -0.0145 0.0386
vn -0.1911 -0.7492 0.6342
vn 0.5548 -0.7781 -0.2944
vn -0.8868 -0.4574 0.0662
vn -0.1407 -0.4865 -0.8623
vn -0.8723 0.4865 0.0484
vn -0.1265 0.4575 -0.8802
vn -0.1678 0.7781 0.6053
vn 0.5781 0.7492 -0.3232
vn 0.0769 0.9781 0.1932
vn 0.0624 0.9981 -0.0021
vn 0.0640 0.9781 -0.1978
vn 0.4047 0.9144 -0.0133
vn -0.5673 0.0439 0.8224
vn 0.6204 -0.0440 0.7831
vn -0.6419 -0.7179 0.2695
vn 0.5456 -0.8058 0.2303
vn -0.6499 -0.4269 -0.6288
vn 0.5375 -0.5148 -0.6679
vn -0.5804 0.5148 -0.6310
vn 0.6072 0.4268 -0.6702
vn -0.5292 0.8058 0.2658
vn 0.6582 0.7179 0.2266
vn -0.1787 0.9791 0.0967
vn -0.0346 0.9988 -0.0360
vn 0.1035 0.9791 -0.1749
vn 0.1656 0.9711 0.1720
vn -0.9911 -0.0337 0.1284
vn -0.1661 0.0336 0.9855
vn -0.5614 -0.7963 -0.2252
vn 0.2635 -0.7291 0.6317
vn 0.0741 -0.5050 -0.8600
vn 0.8991 -0.4378 -0.0028
vn 0.0372 0.4377 -0.8983
vn 0.8622 0.5049 -0.0414
vn -0.6211 0.7291 -0.2874
vn 0.2038 0.7963 0.5695
vn -0.1700 0.9627 -0.2106
vn 0.0198 0.9842 -0.1757
vn 0.2127 0.9627 -0.1674
vn -0.0095 0.9964 0.0838
vn -0.7326 -0.1169 -0.6705
vn -0.8636 0.1169 0.4904
vn -0.1979 -0.8659 -0.4593
vn -0.3290 -0.6321 0.7015
vn 0.7008 -0.5798 -0.4155
vn 0.5698 -0.3462 0.7454
vn 0.7216 0.3460 -0.5996
vn 0.5906 0.5797 0.5613
vn -0.1643 0.6321 -0.7572
vn -0.2953 0.8660 0.4036
vn 0.1907 0.9224 -0.3359
vn 0.2565 0.9533 -0.1596
vn 0.3856 0.9224 -0.0227
vn -0.0259 0.9995 0.0161
vn 0.0483 -0.2120 -0.9761
vn -0.8970 0.2119 -0.3879
vn 0.1108 -0.9259 -0.3612
vn -0.8346 -0.5019 0.2271
vn 0.6735 -0.6531 0.3462
vn -0.2719 -0.2294 0.9346
vn 0.9586 0.2294 0.1689
vn 0.0133 0.6531 0.7571
vn 0.5723 0.5019 -0.6485
vn -0.3731 0.9258 -0.0602
vn -0.7592 0.5291 0.3790
vn 0.5171 -0.5292 0.6727
vn 0.0214 -0.6403 -0.7678
vn -0.0214 0.6342 -0.7729
vn -0.4735 -0.6563 -0.5875
vn -0.5163 0.6182 -0.5926
vn -0.7369 -0.6632 -0.1311
vn -0.7797 0.6112 -0.1363
vn -0.6454 -0.6581 0.3878
vn -0.6882 0.6164 0.3827
vn -0.2419 -0.6431 0.7265
vn -0.2847 0.6314 0.7213
vn 0.2847 -0.6255 0.7264
vn 0.2419 0.6490 0.7213
vn 0.6882 -0.6133 0.3876
vn 0.6454 0.6612 0.3825
vn 0.7796 -0.6123 -0.1313
vn 0.7368 0.6622 -0.1365
vn 0.5163 -0.6230 -0.5876
vn 0.4735 0.6515 -0.5928
vn 0.0497 0.9988 -0.0011
vn 0.2152 0.9740 0.0710
vn 0.0225 0.9946 0.1015
vn -0.1652 0.9740 0.1552
vn -0.0490 0.9740 -0.2213
vn 0.9121 -0.0722 0.4036
vn 0.6564 0.0724 -0.7509
vn 0.3502 -0.8305 0.4332
vn 0.0946 -0.6859 -0.7215
vn -0.5191 -0.5410 0.6617
vn -0.7746 -0.3963 -0.4929
vn -0.4942 0.3963 0.7737
vn -0.7499 0.5409 -0.3809
vn 0.3902 0.6859 0.6143
vn 0.1346 0.8305 -0.5404
vn 0.1661 0.9804 0.1062
vn 0.0117 0.9998 -0.0147
vn -0.1406 0.9804 -0.1382
vn 0.1925 0.9511 -0.2415
vn 0.2570 0.0126 0.9663
vn 0.9993 -0.0127 0.0347
vn -0.1871 -0.7511 0.6331
vn 0.5552 -0.7764 -0.2984
vn -0.8856 -0.4593 0.0686
vn -0.1432 -0.4846 -0.8629
vn -0.8731 0.4847 0.0530
vn -0.1308 0.4594 -0.8785
vn -0.1669 0.7763 0.6078
vn 0.5753 0.7511 -0.3237
vn 0.0448 0.9798 0.1950
vn 0.0380 0.9993 -0.0009
vn 0.0359 0.9798 -0.1968
vn 0.2792 0.9602 -0.0064
vn -0.5767 0.0247 0.8166
vn 0.6132 -0.0248 0.7895
vn -0.6211 -0.7385 0.2624
vn 0.5689 -0.7880 0.2353
vn -0.6294 -0.4469 -0.6357
vn 0.5606 -0.4965 -0.6627
vn -0.5902 0.4965 -0.6365
vn 0.5999 0.4469 -0.6637
vn -0.5577 0.7880 0.2610
vn 0.6324 0.7385 0.2338
vn -0.1788 0.9794 0.0936
vn -0.0286 0.9991 -0.0324
vn 0.1146 0.9794 -0.1661
vn 0.1925 0.9569 0.2175
vn -0.9958 -0.0303 0.0869
vn -0.2073 0.0302 0.9778
vn -0.5545 -0.7931 -0.2520
vn 0.2341 -0.7327 0.6390
vn 0.1080 -0.5016 -0.8583
vn 0.8967 -0.4413 0.0326
vn 0.0764 0.4413 -0.8941
vn 0.8651 0.5016 -0.0032
vn -0.6058 0.7328 -0.3099
vn 0.1829 0.7931 0.5810
vn -0.1639 0.9673 -0.1938
vn 0.0250 0.9884 -0.1500
vn 0.2178 0.9673 -0.1303
vn -0.0200 0.9925 0.1204
vn -0.6960 -0.1014 -0.7109
vn -0.8887 0.1013 0.4472
vn -0.1698 -0.8542 -0.4915
vn -0.3626 -0.6513 0.6666
vn 0.7242 -0.5666 -0.3931
vn 0.5314 -0.3638 0.7650
vn 0.7505 0.3639 -0.5517
vn 0.5578 0.5666 0.6064
vn -0.1271 0.6513 -0.7481
vn -0.3200 0.8541 0.4100
vn 0.0709 0.9638 -0.2570
vn 0.1516 0.9851 -0.0815
vn 0.2535 0.9638 0.0825
vn -0.0696 0.9969 0.0375
vn 0.1346 -0.1131 -0.9844
vn -0.8956 0.1130 -0.4302
vn 0.2698 -0.8631 -0.4270
vn -0.7603 -0.6370 0.1273
vn 0.7441 -0.5766 0.3374
vn -0.2862 -0.3504 0.8918
vn 0.9018 0.3504 0.2528
vn -0.1282 0.5765 0.8070
vn 0.5251 0.6370 -0.5644
vn -0.5050 0.8630 -0.0101
vn 0.2266 0.9679 -0.1090
vn 0.1306 0.9896 0.0600
vn 0.0651 0.9679 0.2429
vn -0.1715 0.9820 -0.0787
vn 0.8688 -0.1002 -0.4850
vn -0.1985 0.1002 -0.9750
vn 0.5204 -0.8532 -0.0343
vn -0.5469 -0.6528 -0.5242
vn 0.1904 -0.5657 0.8024
vn -0.8770 -0.3652 0.3124
vn 0.3347 0.3651 0.8687
vn -0.7326 0.5656 0.3787
vn 0.7540 0.6528 0.0731
vn -0.3133 0.8532 -0.4170
vn 0.5171 0.5292 0.6727
vn 0.8499 -0.5269 -0.0000
vn 0.7230 0.6908 -0.0000
vn 0.4249 -0.5269 0.7361
vn 0.3615 0.6908 0.6262
vn -0.4249 -0.5269 0.7360
vn -0.3615 0.6908 0.6262
vn -0.8499 -0.5269 -0.0000
vn -0.7230 0.6908 -0.0000
vn -0.4250 -0.5269 -0.7361
vn -0.3615 0.6908 -0.6262
vn 0.4250 -0.5269 -0.7360
vn 0.3615 0.6908 -0.6262
vn 0.8390 -0.5441 -0.0000
vn 0.7383 0.6744 -0.0000
vn 0.4195 -0.5442 0.7266
vn 0.3692 0.6744 0.6394
vn -0.4195 -0.5442 0.7266
vn -0.3692 0.6744 0.6394
vn -0.8390 -0.5441 -0.0000
vn -0.7383 0.6744 -0.0000
vn -0.4195 -0.5441 -0.7266
vn -0.3692 0.6744 -0.6394
vn 0.4195 -0.5441 -0.7266
vn 0.3692 0.6744 -0.6394
vn 0.8315 -0.5555 -0.0000
vn 0.7481 0.6635 -0.0000
vn 0.4158 -0.5555 0.7201
vn 0.3741 0.6635 0.6479
vn -0.4158 -0.5555 0.7201
vn -0.3741 0.6635 0.6479
vn -0.8315 -0.5555 -0.0000
vn -0.7482 0.6635 -0.0000
vn -0.4158 -0.5555 -0.7201
vn -0.3741 0.6635 -0.6479
vn 0.4158 -0.5555 -0.7201
vn 0.3741 0.6635 -0.6479
vn 0.8261 -0.5635 -0.0000
vn 0.7550 0.6558 -0.0000
vn 0.4131 -0.5635 0.7154
vn 0.3775 0.6558 0.6538
vn -0.4131 -0.5635 0.7154
vn -0.3775 0.6558 0.6538
vn -0.8261 -0.5635 -0.0000
vn -0.7550 0.6558 -0.0000
vn -0.4130 -0.5635 -0.7154
vn -0.3775 0.6558 -0.6538
vn 0.4130 -0.5635 -0.7154
vn 0.3775 0.6558 -0.6538
vn 0.7482 0.6635 -0.0000
vn 0.4157 -0.5555 0.7201
vn -0.4157 -0.5555 -0.7201
vn 0.4130 -0.5635 0.7154
vn -0.4130 -0.5635 0.7154
vn -0.7550 0.6557 -0.0000
vn -0.4131 -0.5635 -0.7154
vn 0.4131 -0.5635 -0.7154
vn -0.4249 -0.5269 -0.7361
vn 0.4249 -0.5269 -0.7360
s 1
usemtl verdant_growth
f 1//1 2//2 3//3
f 1//1 3//3 4//4
f 1//1 4//4 5//5
f 1//1 5//5 6//6
f 1//1 6//6 7//7
f 1//1 7//7 8//8
f 1//1 8//8 9//9
f 1//1 9//9 2//2
f 10//10 3//3 2//2
f 11//11 4//4 3//3
f 12//12 5//5 4//4
f 13//13 6//6 5//5
f 14//14 7//7 6//6
f 15//15 8//8 7//7
f 16//16 9//9 8//8
f 17//17 2//2 9//9
f 10//10 18//18 11//11
f 11//11 18//18 12//12
f 12//12 18//18 13//13
f 13//13 18//18 14//14
f 14//14 18//18 15//15
f 15//15 18//18 16//16
f 16//16 18//18 17//17
f 17//17 18//18 10//10
f 33//33 25//25 21//21
f 22//22 30//30 34//34
f 19//19 22//22 20//20
f 23//23 22//22 21//21
f 25//25 24//24 23//23
f 27//27 26//26 25//25
f 29//29 28//28 27//27
f 29//29 32//32 30//30
f 33//33 32//32 31//31
f 33//33 36//36 34//34
f 19//19 36//36 35//35
f 48//48 44//44 42//42
f 45//45 49//49 51//51
f 42//42 45//45 43//43
f 44//44 47//47 45//45
f 48//48 47//47 46//46
f 48//48 51//51 49//49
f 42//42 51//51 50//50
f 62//62 58//58 56//56
f 59//59 63//63 65//65
f 56//56 59//59 57//57
f 60//60 59//59 58//58
f 60//60 63//63 61//61
f 64//64 63//63 62//62
f 56//56 65//65 64//64
f 76//76 72//72 70//70
f 73//73 77//77 79//79
f 72//72 71//71 70//70
f 72//72 75//75 73//73
f 76//76 75//75 74//74
f 76//76 79//79 77//77
f 70//70 79//79 78//78
f 90//90 86//86 84//84
f 87//87 91//91 93//93
f 86//86 85//85 84//84
f 88//88 87//87 86//86
f 88//88 91//91 89//89
f 92//92 91//91 90//90
f 92//92 85//85 93//93
f 104//104 100//100 98//98
f 101//101 105//105 107//107
f 100//100 99//99 98//98
f 100//100 103//103 101//101
f 102//102 105//105 103//103
f 106//106 105//105 104//104
f 98//98 107//107 106//106
f 118//118 114//114 112//112
f 115//115 119//119 121//121
f 112//112 115//115 113//113
f 116//116 115//115 114//114
f 116//116 119//119 117//117
f 120//120 119//119 118//118
f 120//120 113//113 121//121
f 132//132 128//128 126//126
f 129//129 133//133 135//135
f 126//126 129//129 127//127
f 128//128 131//131 129//129
f 132//132 131//131 130//130
f 134//134 133//133 132//132
f 126//126 135//135 134//134
f 248//1 249//2 250//3
f 248//1 250//3 251//4
f 248//1 251//4 252//5
f 248//1 252//5 253//6
f 248//1 253//6 254//7
f 248//1 254//7 255//8
f 248//1 255//8 256//9
f 248//1 256//9 249//2
f 257//10 250//3 249//2
f 258//11 251//4 250//3
f 259//12 252//5 251//4
f 260//13 253//6 252//5
f 261//14 254//7 253//6
f 262//15 255//8 254//7
f 263//16 256//9 255//8
f 264//17 249//2 256//9
f 257//10 265//18 258//11
f 258//11 265//18 259//12
f 259//12 265//18 260//13
f 260//13 265//18 261//14
f 261//14 265//18 262//15
f 262//15 265//18 263//16
f 263//16 265//18 264//17
f 264//17 265//18 257//10
f 280//198 272//190 268//186
f 269//187 277//195 281//199
f 268//186 267//185 266//184
f 270//188 269//187 268//186
f 270//188 273//191 271//189
f 272//190 275//193 273//191
f 274//192 277//195 275//193
f 278//196 277//195 276//194
f 278//196 281//199 279//197
f 282//200 281//199 280//198
f 282//200 267//185 283//201
f 295//213 291//209 289//207
f 292//210 296//214 298//216
f 291//209 290//208 289//207
f 293//211 292//210 291//209
f 295//213 294//212 293//211
f 295//213 298//216 296//214
f 289//207 298//216 297//215
f 309//227 305//223 303//221
f 306//224 310//228 312//230
f 305//223 304//222 303//221
f 307//225 306//224 305//223
f 307//225 310//228 308//226
f 309//227 312//230 310//228
f 311//229 304//222 312//230
f 323//241 319//237 317//235
f 320//238 324//242 326//244
f 319//237 318//236 317//235
f 321//239 320//238 319//237
f 323//241 322//240 321//239
f 323//241 326//244 324//242
f 325//243 318//236 326//244
f 337//255 333//251 331//249
f 334//252 338//256 340//258
f 331//249 334//252 332//250
f 333//251 336//254 334//252
f 335//253 338//256 336//254
f 339//257 338//256 337//255
f 331//249 340//258 339//257
f 351//269 347//265 345//263
f 348//266 352//270 354//272
f 345//263 348//266 346//264
f 349//267 348//266 347//265
f 349//267 352//270 350//268
f 353//271 352//270 351//269
f 345//263 354//272 353//271
f 365//283 361//279 359//277
f 362//280 366//284 368//286
f 359//277 362//280 360//278
f 363//281 362//280 361//279
f 363//281 366//284 364//282
f 367//285 366//284 365//283
f 359//277 368//286 367//285
f 379//297 375//293 373//291
f 376//294 380//298 382//300
f 373//291 376//294 374//292
f 377//295 376//294 375//293
f 377//295 380//298 378//296
f 381//299 380//298 379//297
f 373//291 382//300 381//299
f 495//1 496//2 497//3
f 495//1 497//3 498//4
f 495//1 498//4 499//5
f 495//1 499//5 500//6
f 495//1 500//6 501//7
f 495//1 501//7 502//8
f 495//1 502//8 503//9
f 495//1 503//9 496//2
f 504//10 497//3 496//2
f 505//11 498//4 497//3
f 506//12 499//5 498//4
f 507//13 500//6 499//5
f 508//14 501//7 500//6
f 509//15 502//8 501//7
f 510//16 503//9 502//8
f 511//17 496//2 503//9
f 504//10 512//18 505//11
f 505//11 512//18 506//12
f 506//12 512//18 507//13
f 507//13 512//18 508//14
f 508//14 512//18 509//15
f 509//15 512//18 510//16
f 510//16 512//18 511//17
f 511//17 512//18 504//10
f 527//317 519//309 515//305
f 516//306 524//314 528//318
f 515//305 514//304 513//303
f 517//307 516//306 515//305
f 519//309 518//308 517//307
f 519//309 522//312 520//310
f 523//313 522//312 521//311
f 523//313 526//316 524//314
f 527//317 526//316 525//315
f 527//317 530//320 528//318
f 529//319 514//304 530//320
f 542//332 538//328 536//326
f 539//329 543//333 545//335
f 536//326 539//329 537//327
f 540//330 539//329 538//328
f 542//332 541//331 540//330
f 542//332 545//335 543//333
f 536//326 545//335 544//334
f 556//346 552//342 550//340
f 553//343 557//347 559//349
f 550//340 553//343 551//341
f 554//344 553//343 552//342
f 554//344 557//347 555//345
f 558//348 557//347 556//346
f 550//340 559//349 558//348
f 570//360 566//356 564//354
f 567//357 571//361 573//363
f 566//356 565//355 564//354
f 568//358 567//357 566//356
f 568//358 571//361 569//359
f 570//360 573//363 571//361
f 564//354 573//363 572//362
f 584//374 580//370 578//368
f 581//371 585//375 587//377
f 578//368 581//371 579//369
f 582//372 581//371 580//370
f 584//374 583//373 582//372
f 584//374 587//377 585//375
f 578//368 587//377 586//376
f 598//388 594//384 592//382
f 595//385 599//389 601//391
f 594//384 593//383 592//382
f 594//384 597//387 595//385
f 596//386 599//389 597//387
f 600//390 599//389 598//388
f 592//382 601//391 600//390
f 612//402 608//398 606//396
f 609//399 613//403 615//405
f 606//396 609//399 607//397
f 610//400 609//399 608//398
f 612//402 611//401 610//400
f 612//402 615//405 613//403
f 606//396 615//405 614//404
f 626//416 622//412 620//410
f 623//413 627//417 629//419
f 622//412 621//411 620//410
f 622//412 625//415 623//413
f 626//416 625//415 624//414
f 626//416 629//419 627//417
f 620//410 629//419 628//418
f 742//1 743//2 744//3
f 742//1 744//3 745//4
f 742//1 745//4 746//5
f 742//1 746//5 747//6
f 742//1 747//6 748//7
f 742//1 748//7 749//8
f 742//1 749//8 750//9
f 742//1 750//9 743//2
f 751//10 744//3 743//2
f 752//11 745//4 744//3
f 753//12 746//5 745//4
f 754//13 747//6 746//5
f 755//14 748//7 747//6
f 756//15 749//8 748//7
f 757//16 750//9 749//8
f 758//17 743//2 750//9
f 751//10 759//18 752//11
f 752//11 759//18 753//12
f 753//12 759//18 754//13
f 754//13 759//18 755//14
f 755//14 759//18 756//15
f 756//15 759//18 757//16
f 757//16 759//18 758//17
f 758//17 759//18 751//10
f 774//436 766//428 762//424
f 763//425 771//433 775//437
f 760//422 763//425 761//423
f 764//426 763//425 762//424
f 766//428 765//427 764//426
f 768//430 767//429 766//428
f 768//430 771//433 769//431
f 770//432 773//435 771//433
f 774//436 773//435 772//434
f 774//436 777//439 775//437
f 760//422 777//439 776//438
f 789//451 785//447 783//445
f 786//448 790//452 792//454
f 783//445 786//448 784//446
f 787//449 786//448 785//447
f 787//449 790//452 788//450
f 789//451 792//454 790//452
f 783//445 792//454 791//453
f 803//465 799//461 797//459
f 800//462 804//466 806//468
f 799//461 798//460 797//459
f 801//463 800//462 799//461
f 801//463 804//466 802//464
f 803//465 806//468 804//466
f 797//459 806//468 805//467
f 817//479 813//475 811//473
f 814//476 818//480 820//482
f 811//473 814//476 812//474
f 815//477 814//476 813//475
f 817//479 816//478 815//477
f 819//481 818//480 817//479
f 819//481 812//474 820//482
f 831//493 827//489 825//487
f 828//490 832//494 834//496
f 827//489 826//488 825//487
f 827//489 830//492 828//490
f 829//491 832//494 830//492
f 833//495 832//494 831//493
f 833//495 826//488 834//496
f 845//507 841//503 839//501
f 842//504 846//508 848//510
f 841//503 840//502 839//501
f 843//505 842//504 841//503
f 843//505 846//508 844//506
f 845//507 848//510 846//508
f 847//509 840//502 848//510
f 859//521 855//517 853//515
f 856//518 860//522 862//524
f 855//517 854//516 853//515
f 855//517 858//520 856//518
f 859//521 858//520 857//519
f 861//523 860//522 859//521
f 861//523 854//516 862//524
f 873//535 869//531 867//529
f 870//532 874//536 876//538
f 869//531 868//530 867//529
f 869//531 872//534 870//532
f 873//535 872//534 871//533
f 875//537 874//536 873//535
f 867//529 876//538 875//537
f 10//10 11//11 3//3
f 11//11 12//12 4//4
f 12//12 13//13 5//5
f 13//13 14//14 6//6
f 14//14 15//15 7//7
f 15//15 16//16 8//8
f 16//16 17//17 9//9
f 17//17 10//10 2//2
f 19//19 35//35 33//33
f 33//33 31//31 29//29
f 29//29 27//27 25//25
f 25//25 23//23 21//21
f 21//21 19//19 33//33
f 33//33 29//29 25//25
f 36//36 20//20 22//22
f 22//22 24//24 26//26
f 26//26 28//28 30//30
f 30//30 32//32 34//34
f 34//34 36//36 22//22
f 22//22 26//26 30//30
f 19//19 21//21 22//22
f 23//23 24//24 22//22
f 25//25 26//26 24//24
f 27//27 28//28 26//26
f 29//29 30//30 28//28
f 29//29 31//31 32//32
f 33//33 34//34 32//32
f 33//33 35//35 36//36
f 19//19 20//20 36//36
f 42//42 50//50 48//48
f 48//48 46//46 44//44
f 51//51 43//43 45//45
f 45//45 47//47 49//49
f 42//42 44//44 45//45
f 44//44 46//46 47//47
f 48//48 49//49 47//47
f 48//48 50//50 51//51
f 42//42 43//43 51//51
f 56//56 64//64 62//62
f 62//62 60//60 58//58
f 65//65 57//57 59//59
f 59//59 61//61 63//63
f 56//56 58//58 59//59
f 60//60 61//61 59//59
f 60//60 62//62 63//63
f 64//64 65//65 63//63
f 56//56 57//57 65//65
f 70//70 78//78 76//76
f 76//76 74//74 72//72
f 79//79 71//71 73//73
f 73//73 75//75 77//77
f 72//72 73//73 71//71
f 72//72 74//74 75//75
f 76//76 77//77 75//75
f 76//76 78//78 79//79
f 70//70 71//71 79//79
f 84//84 92//92 90//90
f 90//90 88//88 86//86
f 93//93 85//85 87//87
f 87//87 89//89 91//91
f 86//86 87//87 85//85
f 88//88 89//89 87//87
f 88//88 90//90 91//91
f 92//92 93//93 91//91
f 92//92 84//84 85//85
f 98//98 106//106 104//104
f 104//104 102//102 100//100
f 107//107 99//99 101//101
f 101//101 103//103 105//105
f 100//100 101//101 99//99
f 100//100 102//102 103//103
f 102//102 104//104 105//105
f 106//106 107//107 105//105
f 98//98 99//99 107//107
f 112//112 120//120 118//118
f 118//118 116//116 114//114
f 121//121 113//113 115//115
f 115//115 117//117 119//119
f 112//112 114//114 115//115
f 116//116 117//117 115//115
f 116//116 118//118 119//119
f 120//120 121//121 119//119
f 120//120 112//112 113//113
f 126//126 134//134 132//132
f 132//132 130//130 128//128
f 135//135 127//127 129//129
f 129//129 131//131 133//133
f 126//126 128//128 129//129
f 128//128 130//130 131//131
f 132//132 133//133 131//131
f 134//134 135//135 133//133
f 126//126 127//127 135//135
f 257//10 258//11 250//3
f 258//11 259//12 251//4
f 259//12 260//13 252//5
f 260//13 261//14 253//6
f 261//14 262//15 254//7
f 262//15 263//16 255//8
f 263//16 264//17 256//9
f 264//17 257//10 249//2
f 266//184 282//200 280//198
f 280//198 278//196 276//194
f 276//194 274//192 272//190
f 272//190 270//188 268//186
f 268//186 266//184 280//198
f 280//198 276//194 272//190
f 283//201 267//185 269//187
f 269//187 271//189 273//191
f 273//191 275//193 277//195
f 277//195 279//197 281//199
f 281//199 283//201 269//187
f 269//187 273//191 277//195
f 268//186 269//187 267//185
f 270//188 271//189 269//187
f 270//188 272//190 273//191
f 272//190 274//192 275//193
f 274//192 276//194 277//195
f 278//196 279//197 277//195
f 278//196 280//198 281//199
f 282//200 283//201 281//199
f 282//200 266//184 267//185
f 289//207 297//215 295//213
f 295//213 293//211 291//209
f 298//216 290//208 292//210
f 292//210 294//212 296//214
f 291//209 292//210 290//208
f 293//211 294//212 292//210
f 295//213 296//214 294//212
f 295//213 297//215 298//216
f 289//207 290//208 298//216
f 303//221 311//229 309//227
f 309//227 307//225 305//223
f 312//230 304//222 306//224
f 306//224 308//226 310//228
f 305//223 306//224 304//222
f 307//225 308//226 306//224
f 307//225 309//227 310//228
f 309//227 311//229 312//230
f 311//229 303//221 304//222
f 317//235 325//243 323//241
f 323//241 321//239 319//237
f 326//244 318//236 320//238
f 320//238 322//240 324//242
f 319//237 320//238 318//236
f 321//239 322//240 320//238
f 323//241 324//242 322//240
f 323//241 325//243 326//244
f 325//243 317//235 318//236
f 331//249 339//257 337//255
f 337//255 335//253 333//251
f 340//258 332//250 334//252
f 334//252 336//254 338//256
f 331//249 333//251 334//252
f 333//251 335//253 336//254
f 335//253 337//255 338//256
f 339//257 340//258 338//256
f 331//249 332//250 340//258
f 345//263 353//271 351//269
f 351//269 349//267 347//265
f 354//272 346//264 348//266
f 348//266 350//268 352//270
f 345//263 347//265 348//266
f 349//267 350//268 348//266
f 349//267 351//269 352//270
f 353//271 354//272 352//270
f 345//263 346//264 354//272
f 359//277 367//285 365//283
f 365//283 363//281 361//279
f 368//286 360//278 362//280
f 362//280 364//282 366//284
f 359//277 361//279 362//280
f 363//281 364//282 362//280
f 363//281 365//283 366//284
f 367//285 368//286 366//284
f 359//277 360//278 368//286
f 373//291 381//299 379//297
f 379//297 377//295 375//293
f 382//300 374//292 376//294
f 376//294 378//296 380//298
f 373//291 375//293 376//294
f 377//295 378//296 376//294
f 377//295 379//297 380//298
f 381//299 382//300 380//298
f 373//291 374//292 382//300
f 504//10 505//11 497//3
f 505//11 506//12 498//4
f 506//12 507//13 499//5
f 507//13 508//14 500//6
f 508//14 509//15 501//7
f 509//15 510//16 502//8
f 510//16 511//17 503//9
f 511//17 504//10 496//2
f 513//303 529//319 527//317
f 527//317 525//315 523//313
f 523//313 521//311 519//309
f 519//309 517//307 515//305
f 515//305 513//303 527//317
f 527//317 523//313 519//309
f 530//320 514//304 516//306
f 516//306 518//308 520//310
f 520//310 522//312 524//314
f 524//314 526//316 528//318
f 528//318 530//320 516//306
f 516//306 520//310 524//314
f 515//305 516//306 514//304
f 517//307 518//308 516//306
f 519//309 520//310 518//308
f 519//309 521//311 522//312
f 523//313 524//314 522//312
f 523//313 525//315 526//316
f 527//317 528//318 526//316
f 527//317 529//319 530//320
f 529//319 513//303 514//304
f 536//326 544//334 542//332
f 542//332 540//330 538//328
f 545//335 537//327 539//329
f 539//329 541//331 543//333
f 536//326 538//328 539//329
f 540//330 541//331 539//329
f 542//332 543//333 541//331
f 542//332 544//334 545//335
f 536//326 537//327 545//335
f 550//340 558//348 556//346
f 556//346 554//344 552//342
f 559//349 551//341 553//343
f 553//343 555//345 557//347
f 550//340 552//342 553//343
f 554//344 555//345 553//343
f 554//344 556//346 557//347
f 558//348 559//349 557//347
f 550//340 551//341 559//349
f 564//354 572//362 570//360
f 570//360 568//358 566//356
f 573//363 565//355 567//357
f 567//357 569//359 571//361
f 566//356 567//357 565//355
f 568//358 569//359 567//357
f 568//358 570//360 571//361
f 570//360 572//362 573//363
f 564//354 565//355 573//363
f 578//368 586//376 584//374
f 584//374 582//372 580//370
f 587//377 579//369 581//371
f 581//371 583//373 585//375
f 578//368 580//370 581//371
f 582//372 583//373 581//371
f 584//374 585//375 583//373
f 584//374 586//376 587//377
f 578//368 579//369 587//377
f 592//382 600//390 598//388
f 598//388 596//386 594//384
f 601//391 593//383 595//385
f 595//385 597//387 599//389
f 594//384 595//385 593//383
f 594//384 596//386 597//387
f 596//386 598//388 599//389
f 600//390 601//391 599//389
f 592//382 593//383 601//391
f 606//396 614//404 612//402
f 612//402 610//400 608//398
f 615//405 607//397 609//399
f 609//399 611//401 613//403
f 606//396 608//398 609//399
f 610//400 611//401 609//399
f 612//402 613//403 611//401
f 612//402 614//404 615//405
f 606//396 607//397 615//405
f 620//410 628//418 626//416
f 626//416 624//414 622//412
f 629//419 621//411 623//413
f 623//413 625//415 627//417
f 622//412 623//413 621//411
f 622//412 624//414 625//415
f 626//416 627//417 625//415
f 626//416 628//418 629//419
f 620//410 621//411 629//419
f 751//10 752//11 744//3
f 752//11 753//12 745//4
f 753//12 754//13 746//5
f 754//13 755//14 747//6
f 755//14 756//15 748//7
f 756//15 757//16 749//8
f 757//16 758//17 750//9
f 758//17 751//10 743//2
f 760//422 776//438 774//436
f 774//436 772//434 770//432
f 770//432 768//430 766//428
f 766//428 764//426 762//424
f 762//424 760//422 774//436
f 774//436 770//432 766//428
f 777//439 761//423 763//425
f 763//425 765//427 767//429
f 767//429 769//431 771//433
f 771//433 773//435 775//437
f 775//437 777//439 763//425
f 763//425 767//429 771//433
f 760//422 762//424 763//425
f 764//426 765//427 763//425
f 766//428 767//429 765//427
f 768//430 769//431 767//429
f 768//430 770//432 771//433
f 770//432 772//434 773//435
f 774//436 775//437 773//435
f 774//436 776//438 777//439
f 760//422 761//423 777//439
f 783//445 791//453 789//451
f 789//451 787//449 785//447
f 792//454 784//446 786//448
f 786//448 788//450 790//452
f 783//445 785//447 786//448
f 787//449 788//450 786//448
f 787//449 789//451 790//452
f 789//451 791//453 792//454
f 783//445 784//446 792//454
f 797//459 805//467 803//465
f 803//465 801//463 799//461
f 806//468 798//460 800//462
f 800//462 802//464 804//466
f 799//461 800//462 798//460
f 801//463 802//464 800//462
f 801//463 803//465 804//466
f 803//465 805//467 806//468
f 797//459 798//460 806//468
f 811//473 819//481 817//479
f 817//479 815//477 813//475
f 820//482 812//474 814//476
f 814//476 816//478 818//480
f 811//473 813//475 814//476
f 815//477 816//478 814//476
f 817//479 818//480 816//478
f 819//481 820//482 818//480
f 819//481 811//473 812//474
f 825//487 833//495 831//493
f 831//493 829//491 827//489
f 834//496 826//488 828//490
f 828//490 830//492 832//494
f 827//489 828//490 826//488
f 827//489 829//491 830//492
f 829//491 831//493 832//494
f 833//495 834//496 832//494
f 833//495 825//487 826//488
f 839//501 847//509 845//507
f 845//507 843//505 841//503
f 848//510 840//502 842//504
f 842//504 844//506 846//508
f 841//503 842//504 840//502
f 843//505 844//506 842//504
f 843//505 845//507 846//508
f 845//507 847//509 848//510
f 847//509 839//501 840//502
f 853//515 861//523 859//521
f 859//521 857//519 855//517
f 862//524 854//516 856//518
f 856//518 858//520 860//522
f 855//517 856//518 854//516
f 855//517 857//519 858//520
f 859//521 860//522 858//520
f 861//523 862//524 860//522
f 861//523 853//515 854//516
f 867//529 875//537 873//535
f 873//535 871//533 869//531
f 876//538 868//530 870//532
f 870//532 872//534 874//536
f 869//531 870//532 868//530
f 869//531 871//533 872//534
f 873//535 874//536 872//534
f 875//537 876//538 874//536
f 867//529 868//530 876//538
usemtl verdant_growth
f 37//37 38//38 39//39
f 37//37 39//39 40//40
f 38//38 41//41 39//39
f 39//39 41//41 40//40
f 37//37 80//80 81//81
f 37//37 81//81 82//82
f 80//80 83//83 81//81
f 81//81 83//83 82//82
f 37//37 122//122 123//123
f 37//37 123//123 124//124
f 122//122 125//125 123//123
f 123//123 125//125 124//124
f 284//202 313//231 314//232
f 284//202 314//232 315//233
f 313//231 316//234 314//232
f 314//232 316//234 315//233
f 284//202 355//273 356//274
f 284//202 356//274 357//275
f 355//273 358//276 356//274
f 356//274 358//276 357//275
f 531//321 546//336 547//337
f 531//321 547//337 548//338
f 546//336 549//339 547//337
f 547//337 549//339 548//338
f 531//321 588//378 589//379
f 531//321 589//379 590//380
f 588//378 591//381 589//379
f 589//379 591//381 590//380
f 778//440 779//441 780//442
f 778//440 780//442 781//443
f 779//441 782//444 780//442
f 780//442 782//444 781//443
f 778//440 821//483 822//484
f 778//440 822//484 823//485
f 821//483 824//486 822//484
f 822//484 824//486 823//485
f 778//440 863//525 864//526
f 778//440 864//526 865//527
f 863//525 866//528 864//526
f 864//526 866//528 865//527
usemtl verdant_growth
f 37//37 52//52 53//53
f 37//37 53//53 54//54
f 52//52 55//55 53//53
f 53//53 55//55 54//54
f 37//37 66//66 67//67
f 37//37 67//67 68//68
f 66//66 69//69 67//67
f 67//67 69//69 68//68
f 37//37 94//94 95//95
f 37//37 95//95 96//96
f 94//94 97//97 95//95
f 95//95 97//97 96//96
f 37//37 108//108 109//109
f 37//37 109//109 110//110
f 108//108 111//111 109//109
f 109//109 111//111 110//110
f 284//202 285//203 286//204
f 284//202 286//204 287//205
f 285//203 288//206 286//204
f 286//204 288//206 287//205
f 284//202 299//217 300//218
f 284//202 300//218 301//219
f 299//217 302//220 300//218
f 300//218 302//220 301//219
f 284//202 327//245 328//246
f 284//202 328//246 329//247
f 327//245 330//248 328//246
f 328//246 330//248 329//247
f 284//202 341//259 342//260
f 284//202 342//260 343//261
f 341//259 344//262 342//260
f 342//260 344//262 343//261
f 284//202 369//287 370//288
f 284//202 370//288 371//289
f 369//287 372//290 370//288
f 370//288 372//290 371//289
f 531//321 532//322 533//323
f 531//321 533//323 534//324
f 532//322 535//325 533//323
f 533//323 535//325 534//324
f 531//321 560//350 561//351
f 531//321 561//351 562//352
f 560//350 563//353 561//351
f 561//351 563//353 562//352
f 531//321 574//364 575//365
f 531//321 575//365 576//366
f 574//364 577//367 575//365
f 575//365 577//367 576//366
f 531//321 602//392 603//393
f 531//321 603//393 604//394
f 602//392 605//395 603//393
f 603//393 605//395 604//394
f 531//321 616//406 617//407
f 531//321 617//407 618//408
f 616//406 619//409 617//407
f 617//407 619//409 618//408
f 778//440 793//455 794//456
f 778//440 794//456 795//457
f 793//455 796//458 794//456
f 794//456 796//458 795//457
f 778//440 807//469 808//470
f 778//440 808//470 809//471
f 807//469 810//472 808//470
f 808//470 810//472 809//471
f 778//440 835//497 836//498
f 778//440 836//498 837//499
f 835//497 838//500 836//498
f 836//498 838//500 837//499
f 778//440 849//511 850//512
f 778//440 850//512 851//513
f 849//511 852//514 850//512
f 850//512 852//514 851//513
usemtl verdant_growth
f 136//1 137//136 138//137
f 136//1 138//137 139//138
f 136//1 139//138 140//139
f 136//1 140//139 141//140
f 136//1 141//140 142//141
f 136//1 142//141 143//142
f 136//1 143//142 144//143
f 136//1 144//143 145//144
f 136//1 145//144 146//145
f 136//1 146//145 137//136
f 137//136 148//147 138//137
f 138//137 149//148 139//138
f 139//138 150//149 140//139
f 150//149 141//140 140//139
f 151//150 142//141 141//140
f 142//141 153//152 143//142
f 143//142 154//153 144//143
f 154//153 145//144 144//143
f 155//154 146//145 145//144
f 156//155 137//136 146//145
f 157//156 148//147 147//146
f 158//157 149//148 148//147
f 159//158 150//149 149//148
f 150//149 161//160 151//150
f 151//150 162//161 152//151
f 162//161 153//152 152//151
f 163//162 154//153 153//152
f 154//153 165//164 155//154
f 155//154 166//165 156//155
f 156//155 157//156 147//146
f 157//156 167//18 158//157
f 158//157 167//18 159//158
f 159//158 167//18 160//159
f 160//159 167//18 161//160
f 161//160 167//18 162//161
f 162//161 167//18 163//162
f 163//162 167//18 164//163
f 164//163 167//18 165//164
f 165//164 167//18 166//165
f 166//165 167//18 157//156
f 168//1 169//166 170//167
f 168//1 170//167 171//168
f 168//1 171//168 172//169
f 168//1 172//169 173//170
f 168//1 173//170 174//171
f 168//1 174//171 175//172
f 168//1 175//172 169//166
f 176//173 170//167 169//166
f 177//174 171//168 170//167
f 178//175 172//169 171//168
f 179//176 173//170 172//169
f 180//177 174//171 173//170
f 181//178 175//172 174//171
f 182//179 169//166 175//172
f 176//173 183//18 177//174
f 177//174 183//18 178//175
f 178//175 183//18 179//176
f 179//176 183//18 180//177
f 180//177 183//18 181//178
f 181//178 183//18 182//179
f 182//179 183//18 176//173
f 184//1 185//166 186//167
f 184//1 186//167 187//168
f 184//1 187//168 188//169
f 184//1 188//169 189//170
f 184//1 189//170 190//171
f 184//1 190//171 191//172
f 184//1 191//172 185//166
f 192//173 186//167 185//166
f 193//174 187//168 186//167
f 194//175 188//169 187//168
f 195//176 189//170 188//169
f 196//180 190//171 189//170
f 197//178 191//172 190//171
f 198//181 185//166 191//172
f 192//173 199//18 193//174
f 193//174 199//18 194//175
f 194//175 199//18 195//176
f 195//176 199//18 196//180
f 196//180 199//18 197//178
f 197//178 199//18 198//181
f 198//181 199//18 192//173
f 200//1 201//166 202//167
f 200//1 202//167 203//168
f 200//1 203//168 204//182
f 200//1 204//182 205//170
f 200//1 205//170 206//171
f 200//1 206//171 207//172
f 200//1 207//172 201//166
f 208//173 202//167 201//166
f 209//174 203//168 202//167
f 210//175 204//182 203//168
f 211//176 205//170 204//182
f 212//180 206//171 205//170
f 213//178 207//172 206//171
f 214//179 201//166 207//172
f 208//173 215//18 209//174
f 209//174 215//18 210//175
f 210//175 215//18 211//176
f 211//176 215//18 212//180
f 212//180 215//18 213//178
f 213//178 215//18 214//179
f 214//179 215//18 208//173
f 216//1 217//166 218//167
f 216//1 218//167 219//168
f 216//1 219//168 220//182
f 216//1 220//182 221//170
f 216//1 221//170 222//171
f 216//1 222//171 223//183
f 216//1 223//183 217//166
f 224//173 218//167 217//166
f 225//174 219//168 218//167
f 226//175 220//182 219//168
f 227//176 221//170 220//182
f 228//177 222//171 221//170
f 229//178 223//183 222//171
f 230//181 217//166 223//183
f 224//173 231//18 225//174
f 225//174 231//18 226//175
f 226//175 231//18 227//176
f 227//176 231//18 228//177
f 228//177 231//18 229//178
f 229//178 231//18 230//181
f 230//181 231//18 224//173
f 232//1 233//166 234//167
f 232//1 234//167 235//168
f 232//1 235//168 236//182
f 232//1 236//182 237//170
f 232//1 237//170 238//171
f 232//1 238//171 239//183
f 232//1 239//183 233//166
f 240//173 234//167 233//166
f 241//174 235//168 234//167
f 242//175 236//182 235//168
f 243//176 237//170 236//182
f 244//177 238//171 237//170
f 245//178 239//183 238//171
f 246//181 233//166 239//183
f 240//173 247//18 241//174
f 241//174 247//18 242//175
f 242//175 247//18 243//176
f 243//176 247//18 244//177
f 244//177 247//18 245//178
f 245//178 247//18 246//181
f 246//181 247//18 240//173
f 383//1 384//136 385//137
f 383//1 385//137 386//138
f 383//1 386//138 387//139
f 383//1 387//139 388//140
f 383//1 388//140 389//141
f 383//1 389//141 390//142
f 383//1 390//142 391//143
f 383//1 391//143 392//144
f 383//1 392//144 393//145
f 383//1 393//145 384//136
f 384//136 395//301 385//137
f 385//137 396//148 386//138
f 386//138 397//149 387//139
f 397//149 388//140 387//139
f 398//150 389//141 388//140
f 389//141 400//152 390//142
f 390//142 401//153 391//143
f 401//153 392//144 391//143
f 402//154 393//145 392//144
f 403//302 384//136 393//145
f 404//156 395//301 394//146
f 405//157 396//148 395//301
f 406//158 397//149 396//148
f 397//149 408//160 398//150
f 398//150 409//161 399//151
f 409//161 400//152 399//151
f 410//162 401//153 400//152
f 401//153 412//164 402//154
f 402//154 413//165 403//302
f 403//302 404//156 394//146
f 404//156 414//18 405//157
f 405//157 414//18 406//158
f 406//158 414//18 407//159
f 407//159 414//18 408//160
f 408//160 414//18 409//161
f 409//161 414//18 410//162
f 410//162 414//18 411//163
f 411//163 414//18 412//164
f 412//164 414//18 413//165
f 413//165 414//18 404//156
f 415//1 416//166 417//167
f 415//1 417//167 418//168
f 415//1 418//168 419//169
f 415//1 419//169 420//170
f 415//1 420//170 421//171
f 415//1 421//171 422//172
f 415//1 422//172 416//166
f 423//173 417//167 416//166
f 424//174 418//168 417//167
f 425//175 419//169 418//168
f 426//176 420//170 419//169
f 427//180 421//171 420//170
f 428//178 422//172 421//171
f 429//179 416//166 422//172
f 423//173 430//18 424//174
f 424//174 430//18 425//175
f 425//175 430//18 426//176
f 426//176 430//18 427//180
f 427//180 430//18 428//178
f 428//178 430//18 429//179
f 429//179 430//18 423//173
f 431//1 432//166 433//167
f 431//1 433//167 434//168
f 431//1 434//168 435//169
f 431//1 435//169 436//170
f 431//1 436//170 437//171
f 431//1 437//171 438//172
f 431//1 438//172 432//166
f 439//173 433//167 432//166
f 440//174 434//168 433//167
f 441//175 435//169 434//168
f 442//176 436//170 435//169
f 443//180 437//171 436//170
f 444//178 438//172 437//171
f 445//181 432//166 438//172
f 439//173 446//18 440//174
f 440//174 446//18 441//175
f 441//175 446//18 442//176
f 442//176 446//18 443//180
f 443//180 446//18 444//178
f 444//178 446//18 445//181
f 445//181 446//18 439//173
f 447//1 448//166 449//167
f 447//1 449//167 450//168
f 447//1 450//168 451//169
f 447//1 451//169 452//170
f 447//1 452//170 453//171
f 447//1 453//171 454//172
f 447//1 454//172 448//166
f 455//173 449//167 448//166
f 456//174 450//168 449//167
f 457//175 451//169 450//168
f 458//176 452//170 451//169
f 459//180 453//171 452//170
f 460//178 454//172 453//171
f 461//179 448//166 454//172
f 455//173 462//18 456//174
f 456//174 462//18 457//175
f 457//175 462//18 458//176
f 458//176 462//18 459//180
f 459//180 462//18 460//178
f 460//178 462//18 461//179
f 461//179 462//18 455//173
f 463//1 464//166 465//167
f 463//1 465//167 466//168
f 463//1 466//168 467//169
f 463//1 467//169 468//170
f 463//1 468//170 469//171
f 463//1 469//171 470//172
f 463//1 470//172 464//166
f 471//173 465//167 464//166
f 472//174 466//168 465//167
f 473//175 467//169 466//168
f 474//176 468//170 467//169
f 475//180 469//171 468//170
f 476//178 470//172 469//171
f 477//181 464//166 470//172
f 471//173 478//18 472//174
f 472//174 478//18 473//175
f 473//175 478//18 474//176
f 474//176 478//18 475//180
f 475//180 478//18 476//178
f 476//178 478//18 477//181
f 477//181 478//18 471//173
f 479//1 480//166 481//167
f 479//1 481//167 482//168
f 479//1 482//168 483//169
f 479//1 483//169 484//170
f 479//1 484//170 485//171
f 479//1 485//171 486//172
f 479//1 486//172 480//166
f 487//173 481//167 480//166
f 488//174 482//168 481//167
f 489//175 483//169 482//168
f 490//176 484//170 483//169
f 491//180 485//171 484//170
f 492//178 486//172 485//171
f 493//181 480//166 486//172
f 487//173 494//18 488//174
f 488//174 494//18 489//175
f 489//175 494//18 490//176
f 490//176 494//18 491//180
f 491//180 494//18 492//178
f 492//178 494//18 493//181
f 493//181 494//18 487//173
f 630//1 631//136 632//137
f 630//1 632//137 633//138
f 630//1 633//138 634//139
f 630//1 634//139 635//140
f 630//1 635//140 636//141
f 630//1 636//141 637//142
f 630//1 637//142 638//143
f 630//1 638//143 639//144
f 630//1 639//144 640//145
f 630//1 640//145 631//136
f 631//136 642//301 632//137
f 632//137 643//148 633//138
f 643//148 634//139 633//138
f 644//149 635//140 634//139
f 645//150 636//141 635//140
f 636//141 647//152 637//142
f 637//142 648//153 638//143
f 638//143 649//154 639//144
f 649//154 640//145 639//144
f 650//302 631//136 640//145
f 651//156 642//301 641//146
f 652//157 643//148 642//301
f 643//148 654//159 644//149
f 644//149 655//160 645//150
f 645//150 656//161 646//151
f 656//161 647//152 646//151
f 657//162 648//153 647//152
f 658//163 649//154 648//153
f 649//154 660//165 650//302
f 650//302 651//156 641//146
f 651//156 661//18 652//157
f 652//157 661//18 653//158
f 653//158 661//18 654//159
f 654//159 661//18 655//160
f 655//160 661//18 656//161
f 656//161 661//18 657//162
f 657//162 661//18 658//163
f 658//163 661//18 659//164
f 659//164 661//18 660//165
f 660//165 661//18 651//156
f 662//1 663//166 664//167
f 662//1 664//167 665//168
f 662//1 665//168 666//169
f 662//1 666//169 667//170
f 662//1 667//170 668//171
f 662//1 668//171 669//183
f 662//1 669//183 663//166
f 670//173 664//167 663//166
f 671//174 665//168 664//167
f 672//175 666//169 665//168
f 673//420 667//170 666//169
f 674//180 668//171 667//170
f 675//178 669//183 668//171
f 676//181 663//166 669//183
f 670//173 677//18 671//174
f 671//174 677//18 672//175
f 672//175 677//18 673//420
f 673//420 677//18 674//180
f 674//180 677//18 675//178
f 675//178 677//18 676//181
f 676//181 677//18 670//173
f 678//1 679//166 680//167
f 678//1 680//167 681//168
f 678//1 681//168 682//169
f 678//1 682//169 683//170
f 678//1 683//170 684//171
f 678//1 684//171 685//172
f 678//1 685//172 679//166
f 686//173 680//167 679//166
f 687//174 681//168 680//167
f 688//175 682//169 681//168
f 689//176 683//170 682//169
f 690//180 684//171 683//170
f 691//178 685//172 684//171
f 692//179 679//166 685//172
f 686//173 693//18 687//174
f 687//174 693//18 688//175
f 688//175 693//18 689//176
f 689//176 693//18 690//180
f 690//180 693//18 691//178
f 691//178 693//18 692//179
f 692//179 693//18 686//173
f 694//1 695//166 696//421
f 694//1 696//421 697//168
f 694//1 697//168 698//169
f 694//1 698//169 699//170
f 694//1 699//170 700//171
f 694//1 700//171 701//172
f 694//1 701//172 695//166
f 702//173 696//421 695//166
f 703//174 697//168 696//421
f 704//175 698//169 697//168
f 705//176 699//170 698//169
f 706//180 700//171 699//170
f 707//178 701//172 700//171
f 708//179 695//166 701//172
f 702//173 709//18 703//174
f 703//174 709//18 704//175
f 704//175 709//18 705//176
f 705//176 709//18 706//180
f 706//180 709//18 707//178
f 707//178 709//18 708//179
f 708//179 709//18 702//173
f 710//1 711//166 712//167
f 710//1 712//167 713//168
f 710//1 713//168 714//169
f 710//1 714//169 715//170
f 710//1 715//170 716//171
f 710//1 716//171 717//172
f 710//1 717//172 711//166
f 718//173 712//167 711//166
f 719//174 713//168 712//167
f 720//175 714//169 713//168
f 721//176 715//170 714//169
f 722//180 716//171 715//170
f 723//178 717//172 716//171
f 724//179 711//166 717//172
f 718//173 725//18 719//174
f 719//174 725//18 720//175
f 720//175 725//18 721//176
f 721//176 725//18 722//180
f 722//180 725//18 723//178
f 723//178 725//18 724//179
f 724//179 725//18 718//173
f 726//1 727//166 728//167
f 726//1 728//167 729//168
f 726//1 729//168 730//169
f 726//1 730//169 731//170
f 726//1 731//170 732//171
f 726//1 732//171 733//172
f 726//1 733//172 727//166
f 734//173 728//167 727//166
f 735//174 729//168 728//167
f 736//175 730//169 729//168
f 737//176 731//170 730//169
f 738//180 732//171 731//170
f 739//178 733//172 732//171
f 740//179 727//166 733//172
f 734//173 741//18 735//174
f 735//174 741//18 736//175
f 736//175 741//18 737//176
f 737//176 741//18 738//180
f 738//180 741//18 739//178
f 739//178 741//18 740//179
f 740//179 741//18 734//173
f 877//1 878//136 879//137
f 877//1 879//137 880//138
f 877//1 880//138 881//139
f 877//1 881//139 882//140
f 877//1 882//140 883//141
f 877//1 883//141 884//142
f 877//1 884//142 885//143
f 877//1 885//143 886//144
f 877//1 886//144 887//145
f 877//1 887//145 878//136
f 878//136 889//301 879//137
f 879//137 890//148 880//138
f 890//148 881//139 880//138
f 891//149 882//140 881//139
f 892//150 883//141 882//140
f 883//141 894//152 884//142
f 884//142 895//153 885//143
f 895//153 886//144 885//143
f 896//154 887//145 886//144
f 897//302 878//136 887//145
f 898//156 889//301 888//146
f 899//157 890//148 889//301
f 900//158 891//149 890//148
f 891//149 902//160 892//150
f 892//150 903//161 893//151
f 903//161 894//152 893//151
f 904//162 895//153 894//152
f 905//163 896//154 895//153
f 896//154 907//165 897//302
f 897//302 898//156 888//146
f 898//156 908//18 899//157
f 899//157 908//18 900//158
f 900//158 908//18 901//159
f 901//159 908//18 902//160
f 902//160 908//18 903//161
f 903//161 908//18 904//162
f 904//162 908//18 905//163
f 905//163 908//18 906//164
f 906//164 908//18 907//165
f 907//165 908//18 898//156
f 909//1 910//166 911//167
f 909//1 911//167 912//168
f 909//1 912//168 913//169
f 909//1 913//169 914//170
f 909//1 914//170 915//171
f 909//1 915//171 916//183
f 909//1 916//183 910//166
f 917//173 911//167 910//166
f 918//174 912//168 911//167
f 919//175 913//169 912//168
f 920//420 914//170 913//169
f 921//180 915//171 914//170
f 922//178 916//183 915//171
f 923//181 910//166 916//183
f 917//173 924//18 918//174
f 918//174 924//18 919//175
f 919//175 924//18 920//420
f 920//420 924//18 921//180
f 921//180 924//18 922//178
f 922//178 924//18 923//181
f 923//181 924//18 917//173
f 925//1 926//166 927//167
f 925//1 927//167 928//168
f 925//1 928//168 929//169
f 925//1 929//169 930//170
f 925//1 930//170 931//171
f 925//1 931//171 932//172
f 925//1 932//172 926//166
f 933//173 927//167 926//166
f 934//174 928//168 927//167
f 935//175 929//169 928//168
f 936//176 930//170 929//169
f 937//180 931//171 930//170
f 938//178 932//172 931//171
f 939//179 926//166 932//172
f 933//173 940//18 934//174
f 934//174 940//18 935//175
f 935//175 940//18 936//176
f 936//176 940//18 937//180
f 937//180 940//18 938//178
f 938//178 940//18 939//179
f 939//179 940//18 933//173
f 941//1 942//166 943//421
f 941//1 943//421 944//168
f 941//1 944//168 945//182
f 941//1 945//182 946//170
f 941//1 946//170 947//171
f 941//1 947//171 948//172
f 941//1 948//172 942//166
f 949//173 943//421 942//166
f 950//539 944//168 943//421
f 951//175 945//182 944//168
f 952//176 946//170 945//182
f 953//177 947//171 946//170
f 954//178 948//172 947//171
f 955//179 942//166 948//172
f 949//173 956//18 950//539
f 950//539 956//18 951//175
f 951//175 956//18 952//176
f 952//176 956//18 953//177
f 953//177 956//18 954//178
f 954//178 956//18 955//179
f 955//179 956//18 949//173
f 957//1 958//166 959//167
f 957//1 959//167 960//168
f 957//1 960//168 961//169
f 957//1 961//169 962//170
f 957//1 962//170 963//171
f 957//1 963//171 964//172
f 957//1 964//172 958//166
f 965//173 959//167 958//166
f 966//174 960//168 959//167
f 967//175 961//169 960//168
f 968//176 962//170 961//169
f 969//180 963//171 962//170
f 970//178 964//172 963//171
f 971//179 958//166 964//172
f 965//173 972//18 966//174
f 966//174 972//18 967//175
f 967//175 972//18 968//176
f 968//176 972//18 969//180
f 969//180 972//18 970//178
f 970//178 972//18 971//179
f 971//179 972//18 965//173
f 973//1 974//166 975//167
f 973//1 975//167 976//168
f 973//1 976//168 977//169
f 973//1 977//169 978//170
f 973//1 978//170 979//171
f 973//1 979//171 980//172
f 973//1 980//172 974//166
f 981//173 975//167 974//166
f 982//174 976//168 975//167
f 983//175 977//169 976//168
f 984//176 978//170 977//169
f 985//180 979//171 978//170
f 986//178 980//172 979//171
f 987//179 974//166 980//172
f 981//173 988//18 982//174
f 982//174 988//18 983//175
f 983//175 988//18 984//176
f 984//176 988//18 985//180
f 985//180 988//18 986//178
f 986//178 988//18 987//179
f 987//179 988//18 981//173
f 137//136 147//146 148//147
f 138//137 148//147 149//148
f 139//138 149//148 150//149
f 150//149 151//150 141//140
f 151//150 152//151 142//141
f 142//141 152//151 153//152
f 143//142 153//152 154//153
f 154//153 155//154 145//144
f 155//154 156//155 146//145
f 156//155 147//146 137//136
f 157//156 158//157 148//147
f 158//157 159//158 149//148
f 159//158 160//159 150//149
f 150//149 160//159 161//160
f 151//150 161//160 162//161
f 162//161 163//162 153//152
f 163//162 164//163 154//153
f 154//153 164//163 165//164
f 155//154 165//164 166//165
f 156//155 166//165 157//156
f 176//173 177//174 170//167
f 177//174 178//175 171//168
f 178//175 179//176 172//169
f 179//176 180//177 173//170
f 180//177 181//178 174//171
f 181//178 182//179 175//172
f 182//179 176//173 169//166
f 192//173 193//174 186//167
f 193//174 194//175 187//168
f 194//175 195//176 188//169
f 195//176 196//180 189//170
f 196//180 197//178 190//171
f 197//178 198//181 191//172
f 198//181 192//173 185//166
f 208//173 209//174 202//167
f 209//174 210//175 203//168
f 210//175 211//176 204//182
f 211//176 212//180 205//170
f 212//180 213//178 206//171
f 213//178 214//179 207//172
f 214//179 208//173 201//166
f 224//173 225//174 218//167
f 225//174 226//175 219//168
f 226//175 227//176 220//182
f 227//176 228//177 221//170
f 228//177 229//178 222//171
f 229//178 230//181 223//183
f 230//181 224//173 217//166
f 240//173 241//174 234//167
f 241//174 242//175 235//168
f 242//175 243//176 236//182
f 243//176 244//177 237//170
f 244//177 245//178 238//171
f 245//178 246//181 239//183
f 246//181 240//173 233//166
f 384//136 394//146 395//301
f 385//137 395//301 396//148
f 386//138 396//148 397//149
f 397//149 398//150 388//140
f 398//150 399//151 389//141
f 389//141 399//151 400//152
f 390//142 400//152 401//153
f 401//153 402//154 392//144
f 402//154 403//302 393//145
f 403//302 394//146 384//136
f 404//156 405//157 395//301
f 405//157 406//158 396//148
f 406//158 407//159 397//149
f 397//149 407//159 408//160
f 398//150 408//160 409//161
f 409//161 410//162 400//152
f 410//162 411//163 401//153
f 401//153 411//163 412//164
f 402//154 412//164 413//165
f 403//302 413//165 404//156
f 423//173 424//174 417//167
f 424//174 425//175 418//168
f 425//175 426//176 419//169
f 426//176 427//180 420//170
f 427//180 428//178 421//171
f 428//178 429//179 422//172
f 429//179 423//173 416//166
f 439//173 440//174 433//167
f 440//174 441//175 434//168
f 441//175 442//176 435//169
f 442//176 443//180 436//170
f 443//180 444//178 437//171
f 444//178 445//181 438//172
f 445//181 439//173 432//166
f 455//173 456//174 449//167
f 456//174 457//175 450//168
f 457//175 458//176 451//169
f 458//176 459//180 452//170
f 459//180 460//178 453//171
f 460//178 461//179 454//172
f 461//179 455//173 448//166
f 471//173 472//174 465//167
f 472//174 473//175 466//168
f 473//175 474//176 467//169
f 474//176 475//180 468//170
f 475//180 476//178 469//171
f 476//178 477//181 470//172
f 477//181 471//173 464//166
f 487//173 488//174 481//167
f 488//174 489//175 482//168
f 489//175 490//176 483//169
f 490//176 491//180 484//170
f 491//180 492//178 485//171
f 492//178 493//181 486//172
f 493//181 487//173 480//166
f 631//136 641//146 642//301
f 632//137 642//301 643//148
f 643//148 644//149 634//139
f 644//149 645//150 635//140
f 645//150 646//151 636//141
f 636//141 646//151 647//152
f 637//142 647//152 648//153
f 638//143 648//153 649//154
f 649//154 650//302 640//145
f 650//302 641//146 631//136
f 651//156 652//157 642//301
f 652//157 653//158 643//148
f 643//148 653//158 654//159
f 644//149 654//159 655//160
f 645//150 655//160 656//161
f 656//161 657//162 647//152
f 657//162 658//163 648//153
f 658//163 659//164 649//154
f 649//154 659//164 660//165
f 650//302 660//165 651//156
f 670//173 671//174 664//167
f 671//174 672//175 665//168
f 672//175 673//420 666//169
f 673//420 674//180 667//170
f 674//180 675//178 668//171
f 675//178 676//181 669//183
f 676//181 670//173 663//166
f 686//173 687//174 680//167
f 687//174 688//175 681//168
f 688//175 689//176 682//169
f 689//176 690//180 683//170
f 690//180 691//178 684//171
f 691//178 692//179 685//172
f 692//179 686//173 679//166
f 702//173 703//174 696//421
f 703//174 704//175 697//168
f 704//175 705//176 698//169
f 705//176 706//180 699//170
f 706//180 707//178 700//171
f 707//178 708//179 701//172
f 708//179 702//173 695//166
f 718//173 719//174 712//167
f 719//174 720//175 713//168
f 720//175 721//176 714//169
f 721//176 722//180 715//170
f 722//180 723//178 716//171
f 723//178 724//179 717//172
f 724//179 718//173 711//166
f 734//173 735//174 728//167
f 735//174 736//175 729//168
f 736//175 737//176 730//169
f 737//176 738//180 731//170
f 738//180 739//178 732//171
f 739//178 740//179 733//172
f 740//179 734//173 727//166
f 878//136 888//146 889//301
f 879//137 889//301 890//148
f 890//148 891//149 881//139
f 891//149 892//150 882//140
f 892//150 893//151 883//141
f 883//141 893//151 894//152
f 884//142 894//152 895//153
f 895//153 896//154 886//144
f 896//154 897//302 887//145
f 897//302 888//146 878//136
f 898//156 899//157 889//301
f 899//157 900//158 890//148
f 900//158 901//159 891//149
f 891//149 901//159 902//160
f 892//150 902//160 903//161
f 903//161 904//162 894//152
f 904//162 905//163 895//153
f 905//163 906//164 896//154
f 896//154 906//164 907//165
f 897//302 907//165 898//156
f 917//173 918//174 911//167
f 918//174 919//175 912//168
f 919//175 920//420 913//169
f 920//420 921//180 914//170
f 921//180 922//178 915//171
f 922//178 923//181 916//183
f 923//181 917//173 910//166
f 933//173 934//174 927//167
f 934//174 935//175 928//168
f 935//175 936//176 929//169
f 936//176 937//180 930//170
f 937//180 938//178 931//171
f 938//178 939//179 932//172
f 939//179 933//173 926//166
f 949//173 950//539 943//421
f 950//539 951//175 944//168
f 951//175 952//176 945//182
f 952//176 953//177 946//170
f 953//177 954//178 947//171
f 954//178 955//179 948//172
f 955//179 949//173 942//166
f 965//173 966//174 959//167
f 966//174 967//175 960//168
f 967//175 968//176 961//169
f 968//176 969//180 962//170
f 969//180 970//178 963//171
f 970//178 971//179 964//172
f 971//179 965//173 958//166
f 981//173 982//174 975//167
f 982//174 983//175 976//168
f 983//175 984//176 977//169
f 984//176 985//180 978//170
f 985//180 986//178 979//171
f 986//178 987//179 980//172
f 987//179 981//173 974//166
usemtl verdant_growth
f 989//540 993//544 997//548
f 1000//551 996//547 992//543
f 990//541 991//542 989//540
f 992//543 993//544 991//542
f 993//544 996//547 995//546
f 995//546 998//549 997//548
f 998//549 999//550 997//548
f 1000//551 989//540 999//550
f 1001//552 1005//556 1009//560
f 1012//563 1008//559 1004//555
f 1002//553 1003//554 1001//552
f 1004//555 1005//556 1003//554
f 1005//556 1008//559 1007//558
f 1007//558 1010//561 1009//560
f 1010//561 1011//562 1009//560
f 1012//563 1001//552 1011//562
f 1013//564 1017//568 1021//572
f 1024//575 1020//571 1016//567
f 1013//564 1016//567 1015//566
f 1016//567 1017//568 1015//566
f 1018//569 1019//570 1017//568
f 1020//571 1021//572 1019//570
f 1022//573 1023//574 1021//572
f 1023//574 1014//565 1013//564
f 1025//576 1029//580 1033//584
f 1036//587 1032//583 1028//579
f 1025//576 1028//579 1027//578
f 1027//578 1030//581 1029//580
f 1030//581 1031//582 1029//580
f 1032//583 1033//584 1031//582
f 1034//585 1035//586 1033//584
f 1035//586 1026//577 1025//576
f 1037//540 1041//544 1045//548
f 1048//551 1044//547 1040//543
f 1038//541 1039//542 1037//540
f 1040//543 1041//544 1039//542
f 1041//544 1044//547 1043//546
f 1043//546 1046//549 1045//548
f 1046//549 1047//550 1045//548
f 1048//551 1037//540 1047//550
f 1049//552 1053//556 1057//560
f 1060//563 1056//559 1052//555
f 1050//553 1051//554 1049//552
f 1052//555 1053//556 1051//554
f 1053//556 1056//559 1055//558
f 1055//558 1058//561 1057//560
f 1057//560 1060//563 1059//562
f 1060//563 1049//552 1059//562
f 1061//564 1065//568 1069//590
f 1072//575 1068//571 1064//567
f 1062//588 1063//589 1061//564
f 1064//567 1065//568 1063//589
f 1065//568 1068//571 1067//570
f 1068//571 1069//590 1067//570
f 1070//573 1071//574 1069//590
f 1071//574 1062//588 1061//564
f 1073//576 1077//592 1081//594
f 1084//587 1080//593 1076//579
f 1074//577 1075//591 1073//576
f 1076//579 1077//592 1075//591
f 1077//592 1080//593 1079//582
f 1079//582 1082//585 1081//594
f 1082//585 1083//595 1081//594
f 1084//587 1073//576 1083//595
f 1085//540 1089//544 1093//596
f 1096//551 1092//547 1088//543
f 1086//541 1087//542 1085//540
f 1088//543 1089//544 1087//542
f 1089//544 1092//547 1091//546
f 1092//547 1093//596 1091//546
f 1094//549 1095//597 1093//596
f 1095//597 1086//541 1085//540
f 1097//552 1101//556 1105//560
f 1108//563 1104//559 1100//555
f 1098//553 1099//554 1097//552
f 1100//555 1101//556 1099//554
f 1101//556 1104//559 1103//558
f 1103//558 1106//561 1105//560
f 1106//561 1107//562 1105//560
f 1108//563 1097//552 1107//562
f 1109//564 1113//568 1117//590
f 1120//575 1116//571 1112//567
f 1110//588 1111//589 1109//564
f 1112//567 1113//568 1111//589
f 1113//568 1116//571 1115//570
f 1116//571 1117//590 1115//570
f 1118//573 1119//574 1117//590
f 1119//574 1110//588 1109//564
f 1121//576 1125//580 1129//584
f 1132//587 1128//593 1124//579
f 1121//576 1124//579 1123//578
f 1124//579 1125//580 1123//578
f 1126//581 1127//582 1125//580
f 1128//593 1129//584 1127//582
f 1130//585 1131//586 1129//584
f 1131//586 1122//577 1121//576
f 997//548 999//550 989//540
f 989//540 991//542 993//544
f 993//544 995//546 997//548
f 992//543 990//541 1000//551
f 1000//551 998//549 996//547
f 996//547 994//545 992//543
f 990//541 992//543 991//542
f 992//543 994//545 993//544
f 993//544 994//545 996//547
f 995//546 996//547 998//549
f 998//549 1000//551 999//550
f 1000//551 990//541 989//540
f 1009//560 1011//562 1001//552
f 1001//552 1003//554 1005//556
f 1005//556 1007//558 1009//560
f 1004//555 1002//553 1012//563
f 1012//563 1010//561 1008//559
f 1008//559 1006//557 1004//555
f 1002//553 1004//555 1003//554
f 1004//555 1006//557 1005//556
f 1005//556 1006//557 1008//559
f 1007//558 1008//559 1010//561
f 1010//561 1012//563 1011//562
f 1012//563 1002//553 1001//552
f 1021//572 1023//574 1013//564
f 1013//564 1015//566 1017//568
f 1017//568 1019//570 1021//572
f 1016//567 1014//565 1024//575
f 1024//575 1022//573 1020//571
f 1020//571 1018//569 1016//567
f 1013//564 1014//565 1016//567
f 1016//567 1018//569 1017//568
f 1018//569 1020//571 1019//570
f 1020//571 1022//573 1021//572
f 1022//573 1024//575 1023//574
f 1023//574 1024//575 1014//565
f 1033//584 1035//586 1025//576
f 1025//576 1027//578 1029//580
f 1029//580 1031//582 1033//584
f 1028//579 1026//577 1036//587
f 1036//587 1034//585 1032//583
f 1032//583 1030//581 1028//579
f 1025//576 1026//577 1028//579
f 1027//578 1028//579 1030//581
f 1030//581 1032//583 1031//582
f 1032//583 1034//585 1033//584
f 1034//585 1036//587 1035//586
f 1035//586 1036//587 1026//577
f 1045//548 1047//550 1037//540
f 1037//540 1039//542 1041//544
f 1041//544 1043//546 1045//548
f 1040//543 1038//541 1048//551
f 1048//551 1046//549 1044//547
f 1044//547 1042//545 1040//543
f 1038//541 1040//543 1039//542
f 1040//543 1042//545 1041//544
f 1041//544 1042//545 1044//547
f 1043//546 1044//547 1046//549
f 1046//549 1048//551 1047//550
f 1048//551 1038//541 1037//540
f 1057//560 1059//562 1049//552
f 1049//552 1051//554 1053//556
f 1053//556 1055//558 1057//560
f 1052//555 1050//553 1060//563
f 1060//563 1058//561 1056//559
f 1056//559 1054//557 1052//555
f 1050//553 1052//555 1051//554
f 1052//555 1054//557 1053//556
f 1053//556 1054//557 1056//559
f 1055//558 1056//559 1058//561
f 1057//560 1058//561 1060//563
f 1060//563 1050//553 1049//552
f 1069//590 1071//574 1061//564
f 1061//564 1063//589 1065//568
f 1065//568 1067//570 1069//590
f 1064//567 1062//588 1072//575
f 1072//575 1070//573 1068//571
f 1068//571 1066//569 1064//567
f 1062//588 1064//567 1063//589
f 1064//567 1066//569 1065//568
f 1065//568 1066//569 1068//571
f 1068//571 1070//573 1069//590
f 1070//573 1072//575 1071//574
f 1071//574 1072//575 1062//588
f 1081//594 1083//595 1073//576
f 1073//576 1075//591 1077//592
f 1077//592 1079//582 1081//594
f 1076//579 1074//577 1084//587
f 1084//587 1082//585 1080//593
f 1080//593 1078//581 1076//579
f 1074//577 1076//579 1075//591
f 1076//579 1078//581 1077//592
f 1077//592 1078//581 1080//593
f 1079//582 1080//593 1082//585
f 1082//585 1084//587 1083//595
f 1084//587 1074//577 1073//576
f 1093//596 1095//597 1085//540
f 1085//540 1087//542 1089//544
f 1089//544 1091//546 1093//596
f 1088//543 1086//541 1096//551
f 1096//551 1094//549 1092//547
f 1092//547 1090//545 1088//543
f 1086//541 1088//543 1087//542
f 1088//543 1090//545 1089//544
f 1089//544 1090//545 1092//547
f 1092//547 1094//549 1093//596
f 1094//549 1096//551 1095//597
f 1095//597 1096//551 1086//541
f 1105//560 1107//562 1097//552
f 1097//552 1099//554 1101//556
f 1101//556 1103//558 1105//560
f 1100//555 1098//553 1108//563
f 1108//563 1106//561 1104//559
f 1104//559 1102//557 1100//555
f 1098//553 1100//555 1099//554
f 1100//555 1102//557 1101//556
f 1101//556 1102//557 1104//559
f 1103//558 1104//559 1106//561
f 1106//561 1108//563 1107//562
f 1108//563 1098//553 1097//552
f 1117//590 1119//574 1109//564
f 1109//564 1111//589 1113//568
f 1113//568 1115//570 1117//590
f 1112//567 1110//588 1120//575
f 1120//575 1118//573 1116//571
f 1116//571 1114//569 1112//567
f 1110//588 1112//567 1111//589
f 1112//567 1114//569 1113//568
f 1113//568 1114//569 1116//571
f 1116//571 1118//573 1117//590
f 1118//573 1120//575 1119//574
f 1119//574 1120//575 1110//588
f 1129//584 1131//586 1121//576
f 1121//576 1123//578 1125//580
f 1125//580 1127//582 1129//584
f 1124//579 1122//577 1132//587
f 1132//587 1130//585 1128//593
f 1128//593 1126//581 1124//579
f 1121//576 1122//577 1124//579
f 1124//579 1126//581 1125//580
f 1126//581 1128//593 1127//582
f 1128//593 1130//585 1129//584
f 1130//585 1132//587 1131//586
f 1131//586 1132//587 1122//577
