# Blender 5.2.1 LTS
# www.blender.org
mtllib biomass_bower_c.mtl
o biomass_bower_c
v -2.200000 -0.000000 -0.400000
v -1.836270 0.070000 -0.400000
v -1.942800 0.070000 -0.155050
v -2.200000 0.070000 -0.053590
v -2.457200 0.070000 -0.155050
v -2.563730 0.070000 -0.400000
v -2.457200 0.070000 -0.644950
v -2.200000 0.070000 -0.746410
v -1.942800 0.070000 -0.644950
v -1.836270 0.210000 -0.400000
v -1.942800 0.210000 -0.155050
v -2.200000 0.210000 -0.053590
v -2.457200 0.210000 -0.155050
v -2.563730 0.210000 -0.400000
v -2.457200 0.210000 -0.644950
v -2.200000 0.210000 -0.746410
v -1.942800 0.210000 -0.644950
v -2.200000 0.280000 -0.400000
v -2.200000 0.120050 -0.610000
v -2.190850 4.855780 -0.608900
v -2.334990 0.120300 -0.560870
v -2.325840 4.856030 -0.559770
v -2.406810 0.120410 -0.436470
v -2.397660 4.856140 -0.435370
v -2.381860 0.120330 -0.295000
v -2.372720 4.856060 -0.293900
v -2.271820 0.120090 -0.202660
v -2.262680 4.855830 -0.201570
v -2.128180 0.119820 -0.202660
v -2.119030 4.855550 -0.201570
v -2.018140 0.119620 -0.295000
v -2.008990 4.855360 -0.293900
v -1.993190 0.119610 -0.436470
v -1.984040 4.855340 -0.435370
v -2.065010 0.119780 -0.560870
v -2.055870 4.855510 -0.559770
v -2.193600 3.350460 -0.398900
v -2.915280 3.736130 -0.839960
v -2.896190 3.830130 -0.370340
v -2.877110 3.736130 0.099270
v -3.598790 3.641800 -0.341790
v -2.195020 3.350460 -0.433870
v -3.600210 3.641800 -0.376760
v -2.200780 3.317860 -0.409430
v -3.605980 3.609210 -0.352320
v -2.196620 3.330310 -0.370440
v -3.601810 3.621660 -0.313330
v -2.188280 3.370600 -0.370780
v -3.593470 3.661940 -0.313660
v -2.187290 3.383050 -0.409980
v -3.592480 3.674390 -0.352870
v -2.363330 3.940430 -1.415180
v -2.770330 4.048430 -1.060280
v -3.177320 3.940430 -0.705370
v -3.347050 4.050400 -1.721650
v -2.167220 3.350460 -0.421910
v -3.320680 4.050400 -1.744660
v -2.193550 3.319540 -0.415300
v -3.347010 4.019480 -1.738050
v -2.219950 3.331350 -0.386040
v -3.373400 4.031290 -1.708790
v -2.209930 3.369560 -0.374550
v -3.363390 4.069500 -1.697300
v -2.177340 3.381370 -0.396720
v -3.330800 4.081310 -1.719470
v -1.543490 3.956890 -1.347940
v -2.005920 4.050890 -1.431960
v -2.468350 3.956890 -1.515970
v -1.818240 4.083330 -2.465010
v -2.159160 3.350460 -0.392650
v -1.783800 4.083330 -2.458750
v -2.180990 3.319030 -0.407760
v -1.805640 4.051900 -2.473870
v -2.220240 3.331030 -0.410630
v -1.844890 4.063910 -2.476740
v -2.222670 3.369880 -0.397290
v -1.847310 4.102750 -2.463400
v -2.184920 3.381880 -0.386180
v -1.809560 4.114760 -2.452280
v -1.323610 3.770390 -0.253500
v -1.579290 3.878390 -0.729130
v -1.834980 3.770390 -1.204760
v -0.964990 3.710320 -1.059360
v -2.177020 3.350460 -0.368070
v -0.948420 3.710320 -1.028530
v -2.181150 3.318220 -0.393310
v -0.952550 3.678090 -1.053770
v -2.202480 3.330540 -0.426280
v -0.973870 3.690400 -1.086730
v -2.211530 3.370380 -0.421410
v -0.982930 3.730240 -1.081870
v -2.195800 3.382690 -0.385440
v -0.967200 3.742560 -1.045900
v -1.579870 3.552390 0.378490
v -1.393350 3.646390 -0.052910
v -1.206830 3.552390 -0.484320
v -0.593100 3.274320 0.293080
v -2.207490 3.350460 -0.366780
v -0.606990 3.274320 0.325210
v -2.199220 3.317200 -0.389550
v -0.598720 3.241060 0.302430
v -2.183180 3.329900 -0.425250
v -0.582680 3.253760 0.266730
v -2.181540 3.371010 -0.424540
v -0.581040 3.294870 0.267450
v -2.196560 3.383710 -0.388400
v -0.596060 3.307570 0.303580
v -2.442190 3.503310 0.754110
v -1.920790 3.611310 0.613620
v -1.399380 3.503310 0.473140
v -1.647980 3.176170 1.626150
v -2.227390 3.350460 -0.389800
v -1.681770 3.176170 1.635250
v -2.204760 3.317280 -0.398750
v -1.659140 3.143000 1.626300
v -2.166700 3.329950 -0.407910
v -1.621080 3.155670 1.617140
v -2.165810 3.370960 -0.404620
v -1.620200 3.196670 1.620430
v -2.203320 3.383630 -0.393430
v -1.657710 3.209340 1.631620
v -2.988280 3.668290 -0.113570
v -2.610110 3.762290 0.165510
v -2.231930 3.668290 0.444580
v -3.026620 3.506120 0.729910
v -2.221760 3.350460 -0.419680
v -3.054780 3.506120 0.709130
v -2.204480 3.317370 -0.402370
v -3.037500 3.473040 0.726440
v -2.172160 3.330010 -0.380260
v -3.005180 3.485680 0.748550
v -2.169470 3.370900 -0.383910
v -3.002490 3.526570 0.744900
v -2.200120 3.383540 -0.408280
v -3.033140 3.539210 0.720540
v -2.190850 4.955730 -0.400000
v -1.837300 5.008450 -0.400000
v -1.904820 5.008450 -0.204660
v -2.081600 5.008450 -0.083930
v -2.300110 5.008450 -0.083930
v -2.476880 5.008450 -0.204660
v -2.544410 5.008450 -0.400000
v -2.476880 5.008450 -0.595340
v -2.300110 5.008450 -0.716070
v -2.081600 5.008450 -0.716070
v -1.904820 5.008450 -0.595340
v -1.690850 5.135730 -0.400000
v -1.786340 5.135730 -0.123740
v -2.036340 5.135730 0.047000
v -2.345360 5.135730 0.047000
v -2.595360 5.135730 -0.123740
v -2.690850 5.135730 -0.400000
v -2.595360 5.135730 -0.676260
v -2.345360 5.135730 -0.847000
v -2.036340 5.135730 -0.847000
v -1.786340 5.135730 -0.676260
v -1.837300 5.263010 -0.400000
v -1.904820 5.263010 -0.204660
v -2.081600 5.263010 -0.083930
v -2.300110 5.263010 -0.083930
v -2.476880 5.263010 -0.204660
v -2.544410 5.263010 -0.400000
v -2.476880 5.263010 -0.595340
v -2.300110 5.263010 -0.716070
v -2.081600 5.263010 -0.716070
v -1.904820 5.263010 -0.595340
v -2.190850 5.315730 -0.400000
v -2.610490 4.985730 -0.384200
v -2.471920 5.025730 -0.384200
v -2.524100 5.025730 -0.282640
v -2.641320 5.025730 -0.257550
v -2.735330 5.025730 -0.327840
v -2.735330 5.025730 -0.440560
v -2.641320 5.025730 -0.510850
v -2.524100 5.025730 -0.485760
v -2.471920 5.105730 -0.384200
v -2.524100 5.105730 -0.282640
v -2.641320 5.105730 -0.257550
v -2.735330 5.105730 -0.327840
v -2.735330 5.105730 -0.440560
v -2.641320 5.105730 -0.510850
v -2.524100 5.105730 -0.485760
v -2.610490 5.145730 -0.384200
v -2.337140 4.985730 -0.756210
v -2.198570 5.025730 -0.756210
v -2.250740 5.025730 -0.654640
v -2.367970 5.025730 -0.629560
v -2.461980 5.025730 -0.699840
v -2.461980 5.025730 -0.812570
v -2.367970 5.025730 -0.882850
v -2.250740 5.025730 -0.857770
v -2.198570 5.105730 -0.756210
v -2.250740 5.105730 -0.654640
v -2.367970 5.105730 -0.629560
v -2.461980 5.105730 -0.699840
v -2.461980 5.105730 -0.812570
v -2.367970 5.105730 -0.882850
v -2.250740 5.105730 -0.857770
v -2.337140 5.145730 -0.756210
v -1.861620 4.985730 -0.635950
v -1.723060 5.025730 -0.635950
v -1.775230 5.025730 -0.534390
v -1.892460 5.025730 -0.509300
v -1.986470 5.025730 -0.579590
v -1.986470 5.025730 -0.692310
v -1.892460 5.025730 -0.762600
v -1.775230 5.025730 -0.737510
v -1.723060 5.105730 -0.635950
v -1.775230 5.105730 -0.534390
v -1.892460 5.105730 -0.509300
v -1.986470 5.105730 -0.579590
v -1.986470 5.105730 -0.692310
v -1.892460 5.105730 -0.762600
v -1.775230 5.105730 -0.737510
v -1.861620 5.145730 -0.635950
v -1.841090 4.985730 -0.189620
v -1.702530 5.025730 -0.189620
v -1.754700 5.025730 -0.088050
v -1.871930 5.025730 -0.062970
v -1.965940 5.025730 -0.133250
v -1.965940 5.025730 -0.245980
v -1.871930 5.025730 -0.316260
v -1.754700 5.025730 -0.291180
v -1.702530 5.105730 -0.189620
v -1.754700 5.105730 -0.088050
v -1.871930 5.105730 -0.062970
v -1.965940 5.105730 -0.133250
v -1.965940 5.105730 -0.245980
v -1.871930 5.105730 -0.316260
v -1.754700 5.105730 -0.291180
v -1.841090 5.145730 -0.189620
v -2.303920 4.985730 -0.034030
v -2.165350 5.025730 -0.034030
v -2.217520 5.025730 0.067530
v -2.334750 5.025730 0.092620
v -2.428760 5.025730 0.022330
v -2.428760 5.025730 -0.090390
v -2.334750 5.025730 -0.160680
v -2.217520 5.025730 -0.135590
v -2.165350 5.105730 -0.034030
v -2.217520 5.105730 0.067530
v -2.334750 5.105730 0.092620
v -2.428760 5.105730 0.022330
v -2.428760 5.105730 -0.090390
v -2.334750 5.105730 -0.160680
v -2.217520 5.105730 -0.135590
v -2.303920 5.145730 -0.034030
v -0.900000 0.000000 0.800000
v -0.536270 0.070000 0.800000
v -0.642800 0.070000 1.044950
v -0.900000 0.070000 1.146410
v -1.157200 0.070000 1.044950
v -1.263730 0.070000 0.800000
v -1.157200 0.070000 0.555050
v -0.900000 0.070000 0.453590
v -0.642800 0.070000 0.555050
v -0.536270 0.210000 0.800000
v -0.642800 0.210000 1.044950
v -0.900000 0.210000 1.146410
v -1.157200 0.210000 1.044950
v -1.263730 0.210000 0.800000
v -1.157200 0.210000 0.555050
v -0.900000 0.210000 0.453590
v -0.642800 0.210000 0.555050
v -0.900000 0.280000 0.800000
v -0.900000 0.119250 0.640000
v -1.113570 5.587000 0.614370
v -1.002770 0.115410 0.677450
v -1.216340 5.583160 0.651820
v -1.057450 0.113720 0.772250
v -1.271020 5.581470 0.746620
v -1.038460 0.114970 0.880020
v -1.252030 5.582710 0.854400
v -0.954680 0.118570 0.950360
v -1.168250 5.586310 0.924730
v -0.845320 0.122840 0.950340
v -1.058890 5.590590 0.924710
v -0.761540 0.125780 0.879970
v -0.975110 5.593530 0.854350
v -0.742550 0.126020 0.772190
v -0.956120 5.593770 0.746560
v -0.797230 0.123440 0.677420
v -1.010800 5.591190 0.651790
v -1.049500 3.855540 0.774370
v -1.094620 4.498270 -0.091910
v -1.475880 4.592270 0.182950
v -1.857130 4.498270 0.457810
v -1.902250 4.661000 -0.408470
v -1.021110 3.855540 0.753900
v -1.873860 4.661000 -0.428930
v -1.050140 3.826410 0.754990
v -1.902890 4.631860 -0.427850
v -1.078280 3.837540 0.782860
v -1.931040 4.642990 -0.399970
v -1.066650 3.873550 0.799000
v -1.919400 4.679010 -0.383840
v -1.031310 3.884680 0.781100
v -1.884070 4.690140 -0.401730
v -0.260730 4.517220 -0.001480
v -0.779130 4.625220 -0.152670
v -1.297530 4.517220 -0.303860
v -0.508760 4.698900 -1.079720
v -1.015900 3.855540 0.784170
v -0.475160 4.698900 -1.069920
v -1.035390 3.825040 0.764610
v -0.494650 4.668400 -1.089480
v -1.074380 3.836690 0.758540
v -0.533640 4.680050 -1.095550
v -1.078990 3.874400 0.774350
v -0.538250 4.717760 -1.079740
v -1.042840 3.886050 0.790190
v -0.502100 4.729410 -1.063900
v 0.234250 4.302600 0.702360
v 0.038210 4.396600 0.275200
v -0.157820 4.302600 -0.151970
v 1.125920 4.269660 -0.223980
v -1.034900 3.855540 0.806180
v 1.140520 4.269660 -0.192170
v -1.039830 3.822750 0.781830
v 1.135590 4.236860 -0.216520
v -1.058120 3.835270 0.747170
v 1.117300 4.249390 -0.251180
v -1.064500 3.875820 0.750100
v 1.110920 4.289940 -0.248250
v -1.050140 3.888340 0.786570
v 1.125280 4.302460 -0.211780
v -0.474800 4.051740 1.610060
v -0.261080 4.159740 1.114150
v -0.047360 4.051740 0.618240
v 0.527330 3.767930 1.453930
v -1.063350 3.855540 0.806510
v 0.513480 3.767930 1.486070
v -1.055340 3.822300 0.783630
v 0.521490 3.734680 1.463190
v -1.039250 3.835000 0.747950
v 0.537580 3.747380 1.427510
v -1.037330 3.876090 0.748780
v 0.539500 3.788470 1.428340
v -1.052220 3.888790 0.784980
v 0.524610 3.801170 1.464530
v -1.190290 3.995270 1.863830
v -0.743210 4.089270 1.718850
v -0.296130 3.995270 1.573860
v -0.436920 3.654990 2.663320
v -1.082790 3.855540 0.785170
v -0.470210 3.654990 2.674120
v -1.060820 3.822430 0.774530
v -0.448240 3.621870 2.663470
v -1.023200 3.835080 0.763670
v -0.410620 3.634520 2.652620
v -1.021930 3.876010 0.767600
v -0.409350 3.675460 2.656550
v -1.058750 3.888660 0.780890
v -0.446170 3.688110 2.669840
v -2.113040 4.185110 1.386180
v -1.665250 4.293110 1.687980
v -1.217460 4.185110 1.989780
v -2.281000 4.034680 2.601590
v -1.078520 3.855540 0.754810
v -2.310030 4.034680 2.582030
v -1.059970 3.822370 0.770560
v -2.291480 4.001500 2.597780
v -1.026950 3.835040 0.791580
v -2.258460 4.014170 2.618800
v -1.025090 3.876050 0.788810
v -2.256590 4.055180 2.616030
v -1.056960 3.888720 0.766090
v -2.288470 4.067860 2.593310
v -1.778040 4.446730 0.332610
v -1.759600 4.540730 0.802250
v -1.741170 4.446730 1.271890
v -2.469710 4.557920 0.830130
v -1.050870 3.855540 0.739400
v -2.471080 4.557920 0.795150
v -1.064660 3.825700 0.764140
v -2.484870 4.528070 0.819900
v -1.057490 3.837100 0.803020
v -2.477710 4.539470 0.858780
v -1.039280 3.873990 0.802310
v -2.459490 4.576360 0.858060
v -1.035190 3.885390 0.762990
v -2.455400 4.587760 0.818740
v -1.113570 5.687750 0.800000
v -0.760020 5.740470 0.800000
v -0.827540 5.740470 0.995340
v -1.004310 5.740470 1.116070
v -1.222820 5.740470 1.116070
v -1.399600 5.740470 0.995340
v -1.467120 5.740470 0.800000
v -1.399600 5.740470 0.604660
v -1.222820 5.740470 0.483930
v -1.004310 5.740470 0.483930
v -0.827540 5.740470 0.604660
v -0.613570 5.867750 0.800000
v -0.709060 5.867750 1.076259
v -0.959060 5.867750 1.247000
v -1.268080 5.867750 1.247000
v -1.518080 5.867750 1.076259
v -1.613570 5.867750 0.800000
v -1.518080 5.867750 0.523740
v -1.268080 5.867750 0.353000
v -0.959060 5.867750 0.353000
v -0.709060 5.867750 0.523740
v -0.760020 5.995030 0.800000
v -0.827540 5.995030 0.995340
v -1.004310 5.995030 1.116070
v -1.222820 5.995030 1.116070
v -1.399600 5.995030 0.995340
v -1.467120 5.995030 0.800000
v -1.399600 5.995030 0.604659
v -1.222820 5.995030 0.483930
v -1.004310 5.995030 0.483930
v -0.827540 5.995030 0.604659
v -1.113570 6.047750 0.800000
v -1.533210 5.717750 0.815800
v -1.394640 5.757750 0.815800
v -1.446810 5.757750 0.917360
v -1.564040 5.757750 0.942450
v -1.658050 5.757750 0.872160
v -1.658050 5.757750 0.759440
v -1.564040 5.757750 0.689150
v -1.446810 5.757750 0.714240
v -1.394640 5.837750 0.815800
v -1.446810 5.837750 0.917360
v -1.564040 5.837750 0.942450
v -1.658050 5.837750 0.872160
v -1.658050 5.837750 0.759440
v -1.564040 5.837750 0.689150
v -1.446810 5.837750 0.714240
v -1.533210 5.877750 0.815800
v -1.259850 5.717750 0.443790
v -1.121290 5.757750 0.443790
v -1.173460 5.757750 0.545360
v -1.290690 5.757750 0.570440
v -1.384690 5.757750 0.500160
v -1.384690 5.757750 0.387430
v -1.290690 5.757750 0.317150
v -1.173460 5.757750 0.342230
v -1.121290 5.837750 0.443790
v -1.173460 5.837750 0.545360
v -1.290690 5.837750 0.570440
v -1.384690 5.837750 0.500160
v -1.384690 5.837750 0.387430
v -1.290690 5.837750 0.317150
v -1.173460 5.837750 0.342230
v -1.259850 5.877750 0.443790
v -0.784340 5.717750 0.564050
v -0.645780 5.757750 0.564050
v -0.697950 5.757750 0.665610
v -0.815170 5.757750 0.690700
v -0.909180 5.757750 0.620410
v -0.909180 5.757750 0.507690
v -0.815170 5.757750 0.437400
v -0.697950 5.757750 0.462490
v -0.645780 5.837750 0.564050
v -0.697950 5.837750 0.665610
v -0.815170 5.837750 0.690700
v -0.909180 5.837750 0.620410
v -0.909180 5.837750 0.507690
v -0.815170 5.837750 0.437400
v -0.697950 5.837750 0.462490
v -0.784340 5.877750 0.564050
v -0.763810 5.717750 1.010380
v -0.625250 5.757750 1.010380
v -0.677420 5.757750 1.111950
v -0.794640 5.757750 1.137030
v -0.888650 5.757750 1.066750
v -0.888650 5.757750 0.954020
v -0.794640 5.757750 0.883740
v -0.677420 5.757750 0.908820
v -0.625250 5.837750 1.010380
v -0.677420 5.837750 1.111950
v -0.794640 5.837750 1.137030
v -0.888650 5.837750 1.066750
v -0.888650 5.837750 0.954020
v -0.794640 5.837750 0.883740
v -0.677420 5.837750 0.908820
v -0.763810 5.877750 1.010380
v -1.226630 5.717750 1.165969
v -1.088070 5.757750 1.165969
v -1.140240 5.757750 1.267529
v -1.257470 5.757750 1.292619
v -1.351480 5.757750 1.222329
v -1.351480 5.757750 1.109609
v -1.257470 5.757750 1.039320
v -1.140240 5.757750 1.064409
v -1.088070 5.837750 1.165969
v -1.140240 5.837750 1.267529
v -1.257470 5.837750 1.292619
v -1.351480 5.837750 1.222329
v -1.351480 5.837750 1.109609
v -1.257470 5.837750 1.039320
v -1.140240 5.837750 1.064409
v -1.226630 5.877750 1.165969
v 0.700000 -0.000000 -0.500000
v 1.063730 0.070000 -0.500000
v 0.957200 0.070000 -0.255050
v 0.700000 0.070000 -0.153590
v 0.442800 0.070000 -0.255050
v 0.336270 0.070000 -0.500000
v 0.442800 0.070000 -0.744950
v 0.700000 0.070000 -0.846410
v 0.957200 0.070000 -0.744950
v 1.063730 0.210000 -0.500000
v 0.957200 0.210000 -0.255050
v 0.700000 0.210000 -0.153590
v 0.442800 0.210000 -0.255050
v 0.336270 0.210000 -0.500000
v 0.442800 0.210000 -0.744950
v 0.700000 0.210000 -0.846410
v 0.957200 0.210000 -0.744950
v 0.700000 0.280000 -0.500000
v 0.700000 0.119520 -0.710000
v 0.605660 5.051500 -0.721320
v 0.565040 0.117050 -0.660860
v 0.470700 5.049030 -0.672180
v 0.493230 0.115960 -0.536460
v 0.398890 5.047950 -0.547780
v 0.518170 0.116760 -0.394990
v 0.423830 5.048750 -0.406310
v 0.628190 0.119080 -0.302660
v 0.533850 5.051060 -0.313980
v 0.771810 0.121830 -0.302670
v 0.677470 5.053810 -0.313990
v 0.881830 0.123720 -0.395010
v 0.787490 5.055700 -0.406330
v 0.906770 0.123870 -0.536480
v 0.812430 5.055860 -0.547800
v 0.834960 0.122210 -0.660870
v 0.740620 5.054200 -0.672200
v 0.633960 3.485870 -0.511320
v 1.316770 4.107120 -1.229690
v 0.863300 4.201120 -1.353220
v 0.409820 4.107120 -1.476750
v 1.092630 4.248360 -2.195120
v 0.667730 3.485870 -0.502120
v 1.126400 4.248360 -2.185920
v 0.647900 3.455370 -0.521340
v 1.106570 4.217860 -2.205140
v 0.608810 3.467020 -0.526710
v 1.067480 4.229510 -2.210510
v 0.604480 3.504720 -0.510820
v 1.063150 4.267220 -2.194620
v 0.640890 3.516370 -0.495620
v 1.099570 4.278870 -2.179420
v 1.833850 3.913080 -0.464650
v 1.609940 4.021080 -0.956040
v 1.386030 3.913080 -1.447430
v 2.585930 3.860280 -1.400760
v 0.648470 3.485870 -0.479470
v 2.600440 3.860280 -1.368920
v 0.643650 3.453080 -0.503850
v 2.595620 3.827490 -1.393300
v 0.625440 3.465600 -0.538550
v 2.577410 3.840020 -1.428000
v 0.619000 3.506140 -0.535620
v 2.570970 3.880550 -1.425060
v 0.633240 3.518660 -0.499110
v 2.585200 3.893070 -1.388550
v 1.562330 3.686260 0.451520
v 1.764460 3.780260 0.027210
v 1.966590 3.686260 -0.397110
v 2.894950 3.406650 0.565730
v 0.618910 3.485870 -0.479720
v 2.879900 3.406650 0.597330
v 0.628360 3.452600 -0.502010
v 2.889350 3.373380 0.575040
v 0.645550 3.465310 -0.537160
v 2.906540 3.386090 0.539890
v 0.646730 3.506430 -0.536600
v 2.907720 3.427220 0.540450
v 0.630260 3.519140 -0.501100
v 2.891250 3.439920 0.575950
v 0.335480 3.635210 0.480010
v 0.857850 3.743210 0.343140
v 1.380220 3.635210 0.206270
v 1.081740 3.304540 1.197610
v 0.600100 3.485870 -0.502450
v 1.047880 3.304540 1.206480
v 0.622640 3.452760 -0.511870
v 1.070410 3.271430 1.197060
v 0.660820 3.465400 -0.520530
v 1.108590 3.284080 1.188400
v 0.661890 3.506330 -0.516470
v 1.109660 3.325010 1.192460
v 0.624360 3.518980 -0.505290
v 1.072140 3.337650 1.203640
v -0.361930 3.806850 0.025590
v 0.012810 3.900850 0.309260
v 0.387560 3.806850 0.592920
v -0.608330 3.647830 1.129830
v 0.606060 3.485870 -0.532450
v -0.636240 3.647830 1.108710
v 0.623760 3.452690 -0.515770
v -0.618530 3.614640 1.125390
v 0.655560 3.465360 -0.492940
v -0.586730 3.627320 1.148210
v 0.657510 3.506380 -0.495520
v -0.584780 3.668340 1.145640
v 0.626910 3.519050 -0.519930
v -0.615380 3.681010 1.121220
v -0.553810 4.043380 -1.049580
v -0.553010 4.151380 -0.509580
v -0.552220 4.043380 0.030420
v -1.739990 4.120900 -0.507840
v 0.633910 3.485870 -0.546320
v -1.740040 4.120900 -0.542840
v 0.625340 3.453710 -0.522120
v -1.748610 4.088740 -0.518640
v 0.628690 3.466000 -0.483000
v -1.745260 4.101020 -0.479510
v 0.639320 3.505740 -0.483010
v -1.734630 4.140770 -0.479530
v 0.642550 3.518030 -0.522150
v -1.731400 4.153050 -0.518660
v 0.502730 4.127340 -1.469600
v 0.126730 4.221340 -1.187590
v -0.249260 4.127340 -0.905580
v -0.380500 4.288810 -1.863860
v 0.661960 3.485870 -0.532320
v -0.352500 4.288810 -1.884860
v 0.634050 3.455800 -0.529230
v -0.380410 4.258740 -1.881780
v 0.606010 3.467290 -0.501390
v -0.408450 4.270230 -1.853930
v 0.616610 3.504450 -0.487270
v -0.397850 4.307390 -1.839810
v 0.651180 3.515940 -0.506390
v -0.363280 4.318880 -1.858930
v 0.605660 5.151980 -0.500000
v 0.959210 5.204710 -0.500000
v 0.891690 5.204710 -0.304660
v 0.714910 5.204710 -0.183930
v 0.496410 5.204710 -0.183930
v 0.319630 5.204710 -0.304660
v 0.252110 5.204710 -0.500000
v 0.319630 5.204710 -0.695340
v 0.496410 5.204710 -0.816070
v 0.714910 5.204710 -0.816070
v 0.891690 5.204710 -0.695340
v 1.105660 5.331980 -0.500000
v 1.010170 5.331980 -0.223740
v 0.760170 5.331980 -0.053000
v 0.451150 5.331980 -0.053000
v 0.201150 5.331980 -0.223740
v 0.105660 5.331980 -0.500000
v 0.201150 5.331980 -0.776260
v 0.451150 5.331980 -0.947000
v 0.760170 5.331980 -0.947000
v 1.010170 5.331980 -0.776260
v 0.959210 5.459260 -0.500000
v 0.891690 5.459260 -0.304660
v 0.714910 5.459260 -0.183930
v 0.496410 5.459260 -0.183930
v 0.319630 5.459260 -0.304660
v 0.252110 5.459260 -0.500000
v 0.319630 5.459260 -0.695340
v 0.496410 5.459260 -0.816070
v 0.714910 5.459260 -0.816070
v 0.891690 5.459260 -0.695340
v 0.605660 5.511980 -0.500000
v 0.186020 5.181980 -0.484200
v 0.324590 5.221980 -0.484200
v 0.272420 5.221980 -0.382640
v 0.155190 5.221980 -0.357550
v 0.061180 5.221980 -0.427840
v 0.061180 5.221980 -0.540560
v 0.155190 5.221980 -0.610850
v 0.272420 5.221980 -0.585760
v 0.324590 5.301980 -0.484200
v 0.272420 5.301980 -0.382640
v 0.155190 5.301980 -0.357550
v 0.061180 5.301980 -0.427840
v 0.061180 5.301980 -0.540560
v 0.155190 5.301980 -0.610850
v 0.272420 5.301980 -0.585760
v 0.186020 5.341980 -0.484200
v 0.459380 5.181980 -0.856210
v 0.597940 5.221980 -0.856210
v 0.545770 5.221980 -0.754640
v 0.428540 5.221980 -0.729560
v 0.334530 5.221980 -0.799840
v 0.334530 5.221980 -0.912570
v 0.428540 5.221980 -0.982850
v 0.545770 5.221980 -0.957770
v 0.597940 5.301980 -0.856210
v 0.545770 5.301980 -0.754640
v 0.428540 5.301980 -0.729560
v 0.334530 5.301980 -0.799840
v 0.334530 5.301980 -0.912570
v 0.428540 5.301980 -0.982850
v 0.545770 5.301980 -0.957770
v 0.459380 5.341980 -0.856210
v 0.934890 5.181980 -0.735950
v 1.073450 5.221980 -0.735950
v 1.021280 5.221980 -0.634390
v 0.904050 5.221980 -0.609300
v 0.810050 5.221980 -0.679590
v 0.810050 5.221980 -0.792310
v 0.904050 5.221980 -0.862600
v 1.021280 5.221980 -0.837510
v 1.073450 5.301980 -0.735950
v 1.021280 5.301980 -0.634390
v 0.904050 5.301980 -0.609300
v 0.810050 5.301980 -0.679590
v 0.810050 5.301980 -0.792310
v 0.904050 5.301980 -0.862600
v 1.021280 5.301980 -0.837510
v 0.934890 5.341980 -0.735950
v 0.955420 5.181980 -0.289620
v 1.093980 5.221980 -0.289620
v 1.041810 5.221980 -0.188050
v 0.924580 5.221980 -0.162970
v 0.830580 5.221980 -0.233250
v 0.830580 5.221980 -0.345980
v 0.924580 5.221980 -0.416260
v 1.041810 5.221980 -0.391180
v 1.093980 5.301980 -0.289620
v 1.041810 5.301980 -0.188050
v 0.924580 5.301980 -0.162970
v 0.830580 5.301980 -0.233250
v 0.830580 5.301980 -0.345980
v 0.924580 5.301980 -0.416260
v 1.041810 5.301980 -0.391180
v 0.955420 5.341980 -0.289620
v 0.492590 5.181980 -0.134030
v 0.631160 5.221980 -0.134030
v 0.578990 5.221980 -0.032470
v 0.461760 5.221980 -0.007380
v 0.367750 5.221980 -0.077670
v 0.367750 5.221980 -0.190390
v 0.461760 5.221980 -0.260680
v 0.578990 5.221980 -0.235590
v 0.631160 5.301980 -0.134030
v 0.578990 5.301980 -0.032470
v 0.461760 5.301980 -0.007380
v 0.367750 5.301980 -0.077670
v 0.367750 5.301980 -0.190390
v 0.461760 5.301980 -0.260680
v 0.578990 5.301980 -0.235590
v 0.492590 5.341980 -0.134030
v 2.100000 0.000000 0.600000
v 2.463730 0.070000 0.600000
v 2.357200 0.070000 0.844950
v 2.100000 0.070000 0.946410
v 1.842800 0.070000 0.844950
v 1.736270 0.070000 0.600000
v 1.842800 0.070000 0.355050
v 2.100000 0.070000 0.253590
v 2.357200 0.070000 0.355050
v 2.463730 0.210000 0.600000
v 2.357200 0.210000 0.844950
v 2.100000 0.210000 0.946410
v 1.842800 0.210000 0.844950
v 1.736270 0.210000 0.600000
v 1.842800 0.210000 0.355050
v 2.100000 0.210000 0.253590
v 2.357200 0.210000 0.355050
v 2.100000 0.280000 0.600000
v 2.100000 0.120790 0.440000
v 2.275940 4.371140 0.461110
v 1.997240 0.124860 0.477460
v 2.173180 4.375210 0.498570
v 1.942570 0.126650 0.572250
v 2.118500 4.377000 0.593360
v 1.961550 0.125330 0.680030
v 2.137490 4.375680 0.701140
v 2.045320 0.121520 0.750360
v 2.221260 4.371860 0.771470
v 2.154680 0.116990 0.750340
v 2.330610 4.367340 0.771450
v 2.238450 0.113870 0.679970
v 2.414380 4.364220 0.701080
v 2.257430 0.113620 0.572180
v 2.433370 4.363970 0.593300
v 2.202760 0.116360 0.477410
v 2.378690 4.366700 0.498530
v 2.223160 3.015540 0.621110
v 3.241760 3.417490 0.639130
v 3.032330 3.511490 0.218370
v 2.822910 3.417490 -0.202390
v 3.841510 3.339430 -0.184370
v 2.238750 3.015540 0.652450
v 3.857110 3.339430 -0.153040
v 2.233230 2.982770 0.628180
v 3.851590 3.306670 -0.177310
v 2.213790 2.995290 0.594150
v 3.832140 3.319180 -0.211340
v 2.207290 3.035790 0.597380
v 3.825650 3.359680 -0.208110
v 2.222720 3.048300 0.633410
v 3.841070 3.372200 -0.172080
v 2.911730 3.221270 1.602730
v 3.166780 3.329270 1.126760
v 3.421830 3.221270 0.650790
v 4.110410 2.947010 1.632400
v 2.206620 3.015540 0.651960
v 4.093880 2.947010 1.663250
v 2.217110 2.982270 0.630140
v 4.104360 2.913740 1.641430
v 2.235950 2.994980 0.595840
v 4.123200 2.926450 1.607140
v 2.237110 3.036100 0.596470
v 4.124360 2.967570 1.607760
v 2.218990 3.048810 0.631150
v 4.106240 2.980280 1.642440
v 1.954810 3.177110 1.961660
v 2.419290 3.271110 1.889860
v 2.883770 3.177110 1.818050
v 2.615420 2.858680 3.158600
v 2.188570 3.015540 0.626460
v 2.580830 2.858680 3.163950
v 2.212160 2.982310 0.620760
v 2.604420 2.825450 3.158250
v 2.250950 2.995000 0.615550
v 2.643210 2.838140 3.153040
v 2.251330 3.036070 0.618030
v 2.643600 2.879210 3.155520
v 2.212780 3.048760 0.624770
v 2.605040 2.891900 3.162260
v 1.153370 3.325590 0.972270
v 1.547220 3.433590 1.341710
v 1.941070 3.325590 1.711150
v 0.871280 3.155650 2.062310
v 2.197630 3.015540 0.597170
v 0.845750 3.155650 2.038360
v 2.213660 2.982340 0.615430
v 0.861780 3.122440 2.056630
v 2.242810 2.995020 0.641550
v 0.890940 3.135120 2.082740
v 2.244800 3.036060 0.639420
v 0.892930 3.176170 2.080620
v 2.216880 3.048740 0.612000
v 0.865000 3.188850 2.053190
v 1.047520 3.530210 0.111870
v 1.031950 3.624210 0.581620
v 1.016370 3.530210 1.051360
v -0.159260 3.564890 0.542120
v 2.224320 3.015540 0.586130
v -0.158100 3.564890 0.507140
v 2.216040 2.983100 0.610060
v -0.166370 3.532450 0.531060
v 2.217600 2.995490 0.649260
v -0.164810 3.544840 0.570270
v 2.226830 3.035590 0.649570
v -0.155580 3.584930 0.570570
v 2.230990 3.047980 0.610550
v -0.151430 3.597320 0.531560
v 1.794470 3.602840 -0.769460
v 1.374320 3.710840 -0.430240
v 0.954170 3.602840 -0.091020
v 0.525490 3.710140 -1.481590
v 2.250390 3.015540 0.599130
v 0.552720 3.710140 -1.503570
v 2.226370 2.983300 0.607870
v 0.528700 3.677900 -1.494830
v 2.197910 2.995610 0.634920
v 0.500240 3.690220 -1.467780
v 2.204340 3.035460 0.642880
v 0.506670 3.730070 -1.459820
v 2.236780 3.047780 0.620770
v 0.539110 3.742380 -1.481930
v 2.859880 3.476700 -0.228500
v 2.397860 3.570700 -0.314750
v 1.935840 3.476700 -0.401000
v 2.572570 3.457870 -1.250620
v 2.257560 3.015540 0.627540
v 2.606970 3.457870 -1.244190
v 2.235170 2.983120 0.615690
v 2.584580 3.425450 -1.256040
v 2.196180 2.995500 0.611340
v 2.545590 3.437830 -1.260390
v 2.194470 3.035580 0.620490
v 2.543880 3.477910 -1.251240
v 2.232410 3.047960 0.630500
v 2.581820 3.490290 -1.241230
v 2.275940 4.470350 0.600000
v 2.629490 4.523070 0.600000
v 2.561970 4.523070 0.795340
v 2.385190 4.523070 0.916070
v 2.166680 4.523070 0.916070
v 1.989910 4.523070 0.795340
v 1.922380 4.523070 0.600000
v 1.989910 4.523070 0.404660
v 2.166680 4.523070 0.283930
v 2.385190 4.523070 0.283930
v 2.561970 4.523070 0.404660
v 2.775940 4.650350 0.600000
v 2.680450 4.650350 0.876260
v 2.430450 4.650350 1.047000
v 2.121430 4.650350 1.047000
v 1.871430 4.650350 0.876260
v 1.775940 4.650350 0.600000
v 1.871430 4.650350 0.323740
v 2.121430 4.650350 0.153000
v 2.430450 4.650350 0.153000
v 2.680450 4.650350 0.323740
v 2.629490 4.777630 0.600000
v 2.561970 4.777630 0.795340
v 2.385190 4.777630 0.916070
v 2.166680 4.777630 0.916070
v 1.989910 4.777630 0.795340
v 1.922380 4.777630 0.600000
v 1.989910 4.777630 0.404660
v 2.166680 4.777630 0.283930
v 2.385190 4.777630 0.283930
v 2.561970 4.777630 0.404660
v 2.275940 4.830350 0.600000
v 1.856300 4.500350 0.615800
v 1.994860 4.540350 0.615800
v 1.942690 4.540350 0.717360
v 1.825470 4.540350 0.742450
v 1.731460 4.540350 0.672160
v 1.731460 4.540350 0.559440
v 1.825470 4.540350 0.489150
v 1.942690 4.540350 0.514240
v 1.994860 4.620350 0.615800
v 1.942690 4.620350 0.717360
v 1.825470 4.620350 0.742450
v 1.731460 4.620350 0.672160
v 1.731460 4.620350 0.559440
v 1.825470 4.620350 0.489150
v 1.942690 4.620350 0.514240
v 1.856300 4.660350 0.615800
v 2.129650 4.500350 0.243790
v 2.268220 4.540350 0.243790
v 2.216050 4.540350 0.345360
v 2.098820 4.540350 0.370440
v 2.004810 4.540350 0.300160
v 2.004810 4.540350 0.187430
v 2.098820 4.540350 0.117150
v 2.216050 4.540350 0.142230
v 2.268220 4.620350 0.243790
v 2.216050 4.620350 0.345360
v 2.098820 4.620350 0.370440
v 2.004810 4.620350 0.300160
v 2.004810 4.620350 0.187430
v 2.098820 4.620350 0.117150
v 2.216050 4.620350 0.142230
v 2.129650 4.660350 0.243790
v 2.605160 4.500350 0.364050
v 2.743730 4.540350 0.364050
v 2.691560 4.540350 0.465610
v 2.574330 4.540350 0.490700
v 2.480320 4.540350 0.420410
v 2.480320 4.540350 0.307690
v 2.574330 4.540350 0.237400
v 2.691560 4.540350 0.262490
v 2.743730 4.620350 0.364050
v 2.691560 4.620350 0.465610
v 2.574330 4.620350 0.490700
v 2.480320 4.620350 0.420410
v 2.480320 4.620350 0.307690
v 2.574330 4.620350 0.237400
v 2.691560 4.620350 0.262490
v 2.605160 4.660350 0.364050
v 2.625690 4.500350 0.810380
v 2.764260 4.540350 0.810380
v 2.712090 4.540350 0.911950
v 2.594860 4.540350 0.937030
v 2.500850 4.540350 0.866750
v 2.500850 4.540350 0.754020
v 2.594860 4.540350 0.683740
v 2.712090 4.540350 0.708820
v 2.764260 4.620350 0.810380
v 2.712090 4.620350 0.911950
v 2.594860 4.620350 0.937030
v 2.500850 4.620350 0.866750
v 2.500850 4.620350 0.754020
v 2.594860 4.620350 0.683740
v 2.712090 4.620350 0.708820
v 2.625690 4.660350 0.810380
v 2.162870 4.500350 0.965970
v 2.301430 4.540350 0.965970
v 2.249260 4.540350 1.067530
v 2.132040 4.540350 1.092620
v 2.038030 4.540350 1.022330
v 2.038030 4.540350 0.909610
v 2.132040 4.540350 0.839320
v 2.249260 4.540350 0.864410
v 2.301430 4.620350 0.965970
v 2.249260 4.620350 1.067530
v 2.132040 4.620350 1.092620
v 2.038030 4.620350 1.022330
v 2.038030 4.620350 0.909610
v 2.132040 4.620350 0.839320
v 2.249260 4.620350 0.864410
v 2.162870 4.660350 0.965970
v -1.238790 0.040000 0.027940
v -1.338790 0.490000 0.027940
v -1.318790 0.040000 0.166510
v -1.368790 0.490000 0.079900
v -1.478790 0.040000 0.166510
v -1.428790 0.490000 0.079900
v -1.558790 0.040000 0.027940
v -1.458790 0.490000 0.027940
v -1.478790 0.040000 -0.110620
v -1.428790 0.490000 -0.024020
v -1.318790 0.040000 -0.110620
v -1.368790 0.490000 -0.024020
v 2.885660 0.040000 -1.305150
v 2.785660 0.610000 -1.305150
v 2.805660 0.040000 -1.166580
v 2.755660 0.610000 -1.253190
v 2.645660 0.040000 -1.166580
v 2.695660 0.610000 -1.253190
v 2.565660 0.040000 -1.305150
v 2.665660 0.610000 -1.305150
v 2.645660 0.040000 -1.443710
v 2.695660 0.610000 -1.357110
v 2.805660 0.040000 -1.443710
v 2.755660 0.610000 -1.357110
v 0.052190 0.040000 1.174860
v -0.047810 0.730000 1.174860
v -0.027810 0.040000 1.313420
v -0.077810 0.730000 1.226820
v -0.187810 0.040000 1.313420
v -0.137810 0.730000 1.226820
v -0.267810 0.040000 1.174860
v -0.167810 0.730000 1.174860
v -0.187810 0.040000 1.036300
v -0.137810 0.730000 1.122900
v -0.027810 0.040000 1.036300
v -0.077810 0.730000 1.122900
v -2.991320 0.040000 -1.801070
v -3.091320 0.850000 -1.801070
v -3.071320 0.040000 -1.662500
v -3.121320 0.850000 -1.749110
v -3.231320 0.040000 -1.662500
v -3.181320 0.850000 -1.749110
v -3.311320 0.040000 -1.801070
v -3.211320 0.850000 -1.801070
v -3.231320 0.040000 -1.939630
v -3.181320 0.850000 -1.853030
v -3.071320 0.040000 -1.939630
v -3.121320 0.850000 -1.853030
v 3.630630 0.040000 0.217170
v 3.530630 0.490000 0.217170
v 3.550630 0.040000 0.355730
v 3.500630 0.490000 0.269130
v 3.390630 0.040000 0.355730
v 3.440630 0.490000 0.269130
v 3.310630 0.040000 0.217170
v 3.410630 0.490000 0.217170
v 3.390630 0.040000 0.078600
v 3.440630 0.490000 0.165210
v 3.550630 0.040000 0.078600
v 3.500630 0.490000 0.165210
v -1.557690 0.040000 0.579900
v -1.657690 0.610000 0.579900
v -1.637690 0.040000 0.718460
v -1.687690 0.610000 0.631860
v -1.797690 0.040000 0.718460
v -1.747690 0.610000 0.631860
v -1.877690 0.040000 0.579900
v -1.777690 0.610000 0.579900
v -1.797690 0.040000 0.441330
v -1.747690 0.610000 0.527930
v -1.637690 0.040000 0.441330
v -1.687690 0.610000 0.527930
v 1.131800 0.040000 -2.133600
v 1.031800 0.730000 -2.133600
v 1.051800 0.040000 -1.995040
v 1.001800 0.730000 -2.081640
v 0.891800 0.040000 -1.995040
v 0.941800 0.730000 -2.081640
v 0.811800 0.040000 -2.133600
v 0.911800 0.730000 -2.133600
v 0.891800 0.040000 -2.272170
v 0.941800 0.730000 -2.185570
v 1.051800 0.040000 -2.272170
v 1.001800 0.730000 -2.185570
v 1.745230 0.040000 1.306580
v 1.645230 0.850000 1.306580
v 1.665230 0.040000 1.445150
v 1.615230 0.850000 1.358550
v 1.505230 0.040000 1.445150
v 1.555230 0.850000 1.358550
v 1.425230 0.040000 1.306580
v 1.525230 0.850000 1.306580
v 1.505230 0.040000 1.168020
v 1.555230 0.850000 1.254620
v 1.665230 0.040000 1.168020
v 1.615230 0.850000 1.254620
v -1.511400 0.040000 -0.248920
v -1.611400 0.490000 -0.248920
v -1.591400 0.040000 -0.110360
v -1.641400 0.490000 -0.196960
v -1.751400 0.040000 -0.110360
v -1.701400 0.490000 -0.196960
v -1.831400 0.040000 -0.248920
v -1.731400 0.490000 -0.248920
v -1.751400 0.040000 -0.387480
v -1.701400 0.490000 -0.300880
v -1.591400 0.040000 -0.387480
v -1.641400 0.490000 -0.300880
v 3.956840 0.040000 -0.861870
v 3.856840 0.610000 -0.861870
v 3.876840 0.040000 -0.723300
v 3.826840 0.610000 -0.809910
v 3.716840 0.040000 -0.723300
v 3.766840 0.610000 -0.809910
v 3.636840 0.040000 -0.861870
v 3.736840 0.610000 -0.861870
v 3.716840 0.040000 -1.000430
v 3.766840 0.610000 -0.913830
v 3.876840 0.040000 -1.000430
v 3.826840 0.610000 -0.913830
v -0.895360 0.040000 1.244880
v -0.995360 0.730000 1.244880
v -0.975360 0.040000 1.383440
v -1.025360 0.730000 1.296840
v -1.135360 0.040000 1.383440
v -1.085360 0.730000 1.296840
v -1.215360 0.040000 1.244880
v -1.115360 0.730000 1.244880
v -1.135360 0.040000 1.106310
v -1.085360 0.730000 1.192920
v -0.975360 0.040000 1.106310
v -1.025360 0.730000 1.192920
v -0.328110 0.040000 -0.629830
v -0.428110 0.850000 -0.629830
v -0.408110 0.040000 -0.491270
v -0.458110 0.850000 -0.577870
v -0.568110 0.040000 -0.491270
v -0.518110 0.850000 -0.577870
v -0.648110 0.040000 -0.629830
v -0.548110 0.850000 -0.629830
v -0.568110 0.040000 -0.768400
v -0.518110 0.850000 -0.681800
v -0.408110 0.040000 -0.768400
v -0.458110 0.850000 -0.681800
vn -0.0000 -1.0000 -0.0000
vn 0.8236 -0.5671 -0.0000
vn 0.5724 -0.5682 0.5913
vn -0.0000 -0.5690 0.8223
vn -0.5724 -0.5682 0.5913
vn -0.8236 -0.5671 -0.0000
vn -0.5724 -0.5682 -0.5913
vn -0.0000 -0.5690 -0.8223
vn 0.5724 -0.5682 -0.5913
vn 0.8236 0.5671 -0.0000
vn 0.5724 0.5682 0.5913
vn -0.0000 0.5690 0.8223
vn -0.5724 0.5682 0.5913
vn -0.8236 0.5671 -0.0000
vn -0.5724 0.5682 -0.5913
vn -0.0000 0.5690 -0.8223
vn 0.5724 0.5682 -0.5913
vn -0.0000 1.0000 -0.0000
vn -0.0012 -0.6374 -0.7705
vn 0.0012 0.6378 -0.7702
vn -0.4964 -0.6365 -0.5903
vn -0.4939 0.6387 -0.5900
vn -0.7599 -0.6361 -0.1339
vn -0.7574 0.6391 -0.1336
vn -0.6684 -0.6364 0.3850
vn -0.6659 0.6388 0.3853
vn -0.2647 -0.6373 0.7237
vn -0.2622 0.6380 0.7240
vn 0.2623 -0.6383 0.7238
vn 0.2647 0.6369 0.7240
vn 0.6659 -0.6391 0.3850
vn 0.6684 0.6363 0.3853
vn 0.7574 -0.6390 -0.1339
vn 0.7599 0.6362 -0.1336
vn 0.4940 -0.6384 -0.5903
vn 0.4964 0.6368 -0.5900
vn 0.0457 0.9971 0.0616
vn 0.1820 0.9627 -0.2001
vn 0.1595 0.9872 -0.0065
vn 0.1976 0.9627 0.1847
vn -0.2585 0.9660 0.0105
vn 0.5502 -0.1208 -0.8263
vn -0.6154 0.1209 -0.7789
vn 0.4180 -0.8688 -0.2654
vn -0.7478 -0.6271 -0.2180
vn 0.5135 -0.5831 0.6295
vn -0.6521 -0.3415 0.6768
vn 0.7049 0.3415 0.6217
vn -0.4607 0.5831 0.6691
vn 0.7276 0.6272 -0.2779
vn -0.4380 0.8689 -0.2306
vn 0.3720 0.9164 0.1477
vn 0.2094 0.9479 0.2401
vn 0.0957 0.9164 0.3886
vn 0.0015 1.0000 0.0017
vn 0.9690 -0.2206 -0.1110
vn 0.2416 0.2207 -0.9450
vn 0.3648 -0.9302 0.0407
vn -0.3626 -0.4889 -0.7934
vn -0.2412 -0.6592 0.7122
vn -0.9683 -0.2179 -0.1218
vn -0.0111 0.2178 0.9759
vn -0.7385 0.6592 0.1419
vn 0.7367 0.4888 0.4672
vn 0.0094 0.9302 -0.3668
vn 0.1260 0.9295 0.3465
vn -0.0528 0.9555 0.2904
vn -0.2398 0.9295 0.2800
vn -0.0055 0.9995 0.0304
vn 0.6898 -0.1961 0.6969
vn 0.8908 0.1963 -0.4098
vn 0.1888 -0.9175 0.3501
vn 0.3897 -0.5249 -0.7567
vn -0.7120 -0.6421 0.2842
vn -0.5111 -0.2494 -0.8226
vn -0.7677 0.2494 0.5903
vn -0.5666 0.6420 -0.5165
vn 0.0987 0.5249 0.8454
vn 0.2997 0.9176 -0.2613
vn -0.1169 0.9531 0.2793
vn -0.1712 0.9809 0.0920
vn -0.2974 0.9531 -0.0565
vn 0.2064 0.9722 -0.1109
vn -0.1277 -0.1487 0.9806
vn 0.8884 0.1488 0.4343
vn -0.2225 -0.8885 0.4014
vn 0.7936 -0.5909 -0.1449
vn -0.7119 -0.6059 -0.3551
vn 0.3044 -0.3084 -0.9013
vn -0.9196 0.3084 -0.2433
vn 0.0965 0.6058 -0.7897
vn -0.5587 0.5908 0.5821
vn 0.4574 0.8885 0.0358
vn -0.0398 0.9797 0.1963
vn 0.0335 0.9993 0.0145
vn 0.1157 0.9797 -0.1634
vn 0.3603 0.9197 0.1558
vn -0.8650 0.0260 0.5010
vn 0.2275 -0.0259 0.9734
vn -0.6753 -0.7372 -0.0215
vn 0.4172 -0.7891 0.4508
vn -0.3072 -0.4458 -0.8408
vn 0.7853 -0.4976 -0.3685
vn -0.2695 0.4976 -0.8244
vn 0.8230 0.4458 -0.3520
vn -0.6142 0.7892 0.0049
vn 0.4783 0.7372 0.4771
vn -0.1681 0.9775 0.1277
vn 0.0187 0.9974 0.0695
vn 0.2095 0.9775 0.0260
vn 0.0997 0.9236 0.3701
vn -0.9300 0.0494 -0.3643
vn -0.6211 -0.0493 0.7822
vn -0.4106 -0.7119 -0.5697
vn -0.1017 -0.8106 0.5767
vn 0.4628 -0.4212 -0.7800
vn 0.7717 -0.5198 0.3665
vn 0.4832 0.5198 -0.7045
vn 0.7920 0.4212 0.4420
vn -0.3776 0.8106 -0.4476
vn -0.0689 0.7120 0.6988
vn -0.0958 0.9754 -0.1987
vn 0.0509 0.9963 -0.0690
vn 0.2181 0.9754 0.0330
vn -0.2037 0.9393 0.2760
vn -0.2948 -0.0657 -0.9533
vn -0.9978 0.0656 -0.0005
vn 0.1018 -0.8249 -0.5560
vn -0.6013 -0.6936 0.3968
vn 0.8435 -0.5349 -0.0486
vn 0.1404 -0.4035 0.9041
vn 0.9053 0.4035 -0.1324
vn 0.2022 0.5349 0.8204
vn 0.2020 0.6935 -0.6916
vn -0.5012 0.8249 0.2612
vn 0.4648 -0.8854 -0.0000
vn 0.3712 -0.8828 0.2880
vn 0.1390 -0.8787 0.4567
vn -0.1390 -0.8787 0.4567
vn -0.3712 -0.8828 0.2880
vn -0.4648 -0.8854 -0.0000
vn -0.3712 -0.8828 -0.2880
vn -0.1390 -0.8787 -0.4567
vn 0.1390 -0.8787 -0.4567
vn 0.3712 -0.8828 -0.2880
vn 1.0000 -0.0000 -0.0000
vn 0.7987 -0.0000 0.6017
vn 0.2988 -0.0000 0.9543
vn -0.2988 -0.0000 0.9543
vn -0.7987 -0.0000 0.6017
vn -1.0000 -0.0000 -0.0000
vn -0.7987 -0.0000 -0.6017
vn -0.2988 -0.0000 -0.9543
vn 0.2988 -0.0000 -0.9543
vn 0.7987 -0.0000 -0.6017
vn 0.4648 0.8854 -0.0000
vn 0.3712 0.8828 0.2880
vn 0.1390 0.8787 0.4567
vn -0.1390 0.8787 0.4567
vn -0.3712 0.8828 0.2880
vn -0.4648 0.8854 -0.0000
vn -0.3712 0.8828 -0.2880
vn -0.1390 0.8787 -0.4567
vn 0.1390 0.8787 -0.4567
vn 0.3712 0.8828 -0.2880
vn 0.8487 -0.5289 -0.0000
vn 0.5171 -0.5293 0.6727
vn -0.1822 -0.5292 0.8287
vn -0.7593 -0.5291 0.3790
vn -0.7593 -0.5291 -0.3790
vn -0.1822 -0.5292 -0.8287
vn 0.5171 -0.5293 -0.6727
vn 0.8487 0.5289 -0.0000
vn 0.5171 0.5293 0.6727
vn -0.1822 0.5292 0.8287
vn -0.7593 0.5291 0.3790
vn -0.7593 0.5291 -0.3790
vn -0.1822 0.5292 -0.8287
vn 0.5171 0.5293 -0.6727
vn -0.7592 -0.5291 0.3790
vn -0.7592 0.5291 -0.3790
vn 0.5171 -0.5292 -0.6727
vn -0.7592 0.5291 0.3790
vn 0.5171 0.5292 -0.6727
vn 0.0249 -0.6407 -0.7674
vn -0.0249 0.6335 -0.7733
vn -0.4699 -0.6592 -0.5870
vn -0.5197 0.6150 -0.5930
vn -0.7332 -0.6674 -0.1306
vn -0.7829 0.6069 -0.1366
vn -0.6418 -0.6613 0.3883
vn -0.6915 0.6128 0.3823
vn -0.2384 -0.6440 0.7269
vn -0.2882 0.6302 0.7210
vn 0.2882 -0.6234 0.7268
vn 0.2384 0.6508 0.7209
vn 0.6915 -0.6093 0.3880
vn 0.6418 0.6649 0.3821
vn 0.7830 -0.6081 -0.1309
vn 0.7332 0.6661 -0.1369
vn 0.5197 -0.6206 -0.5872
vn 0.4699 0.6537 -0.5932
vn 0.0732 0.9925 0.0979
vn 0.4116 0.8693 0.2736
vn 0.2411 0.9110 0.3345
vn 0.1295 0.8693 0.4769
vn 0.0549 0.9956 0.0761
vn 0.9564 -0.2881 -0.0468
vn 0.3467 0.2881 -0.8926
vn 0.2902 -0.9567 -0.0218
vn -0.3196 -0.3806 -0.8678
vn -0.3556 -0.7013 0.6178
vn -0.9656 -0.1252 -0.2280
vn -0.0887 0.1252 0.9882
vn -0.6985 0.7013 0.1422
vn 0.7223 0.3806 0.5774
vn 0.1124 0.9567 -0.2685
vn 0.0653 0.9043 0.4219
vn -0.0991 0.9353 0.3398
vn -0.2819 0.9043 0.3207
vn -0.0213 0.9971 0.0730
vn 0.6182 -0.2385 0.7489
vn 0.9240 0.2383 -0.2992
vn 0.1710 -0.9385 0.3001
vn 0.4767 -0.4616 -0.7481
vn -0.7238 -0.6711 0.1608
vn -0.4181 -0.1943 -0.8874
vn -0.8295 0.1943 0.5236
vn -0.5239 0.6711 -0.5246
vn -0.0000 0.4617 0.8871
vn 0.3057 0.9384 -0.1611
vn -0.0692 0.9671 0.2446
vn -0.1399 0.9881 0.0642
vn -0.2306 0.9671 -0.1070
vn 0.0959 0.9944 -0.0440
vn -0.1984 -0.1017 0.9748
vn 0.8685 0.1015 0.4852
vn -0.3116 -0.8543 0.4161
vn 0.7554 -0.6512 -0.0736
vn -0.7313 -0.5668 -0.3793
vn 0.3356 -0.3636 -0.8690
vn -0.8777 0.3637 -0.3121
vn 0.1892 0.5669 -0.8018
vn -0.5482 0.6512 0.5249
vn 0.5187 0.8542 0.0351
vn -0.0331 0.9794 0.1990
vn 0.0385 0.9991 0.0166
vn 0.1220 0.9794 -0.1607
vn 0.3813 0.9097 0.1643
vn -0.8642 0.0303 0.5022
vn 0.2285 -0.0303 0.9731
vn -0.6803 -0.7325 -0.0230
vn 0.4123 -0.7933 0.4480
vn -0.3111 -0.4412 -0.8418
vn 0.7815 -0.5018 -0.3707
vn -0.2671 0.5019 -0.8227
vn 0.8256 0.4411 -0.3518
vn -0.6088 0.7933 0.0080
vn 0.4839 0.7326 0.4787
vn -0.1560 0.9760 0.1517
vn 0.0269 0.9962 0.0828
vn 0.2154 0.9760 0.0313
vn 0.1236 0.9162 0.3812
vn -0.9469 0.0598 -0.3160
vn -0.5811 -0.0599 0.8116
vn -0.4426 -0.7002 -0.5602
vn -0.0770 -0.8199 0.5673
vn 0.4207 -0.4099 -0.8093
vn 0.7863 -0.5295 0.3183
vn 0.4498 0.5296 -0.7192
vn 0.8156 0.4099 0.4084
vn -0.3952 0.8199 -0.4142
vn -0.0295 0.7002 0.7134
vn -0.1185 0.9776 -0.1740
vn 0.0398 0.9975 -0.0590
vn 0.2058 0.9776 0.0446
vn -0.1276 0.9736 0.1894
vn -0.3342 -0.0483 -0.9412
vn -0.9979 0.0482 0.0435
vn 0.0915 -0.8096 -0.5798
vn -0.5723 -0.7131 0.4049
vn 0.8493 -0.5188 -0.0973
vn 0.1855 -0.4223 0.8873
vn 0.8920 0.4223 -0.1610
vn 0.2285 0.5188 0.8238
vn 0.1606 0.7131 -0.6824
vn -0.5030 0.8096 0.3024
vn 0.4144 0.8891 -0.1942
vn 0.3699 0.9290 -0.0145
vn 0.4284 0.8891 0.1611
vn 0.0242 0.9997 -0.0009
vn 0.5022 -0.2639 -0.8235
vn -0.5651 0.2639 -0.7817
vn 0.1857 -0.9488 -0.2557
vn -0.8815 -0.4209 -0.2138
vn 0.3502 -0.6872 0.6365
vn -0.7172 -0.1593 0.6785
vn 0.7681 0.1593 0.6202
vn -0.2991 0.6872 0.6620
vn 0.8620 0.4210 -0.2822
vn -0.2052 0.9488 -0.2403
vn 0.0122 -0.6392 -0.7689
vn -0.0122 0.6357 -0.7718
vn -0.4829 -0.6483 -0.5886
vn -0.5073 0.6267 -0.5916
vn -0.7463 -0.6523 -0.1323
vn -0.7707 0.6227 -0.1352
vn -0.6548 -0.6494 0.3867
vn -0.6792 0.6256 0.3837
vn -0.2512 -0.6409 0.7254
vn -0.2756 0.6341 0.7225
vn 0.2756 -0.6308 0.7254
vn 0.2512 0.6442 0.7224
vn 0.6792 -0.6239 0.3866
vn 0.6549 0.6511 0.3837
vn 0.7707 -0.6233 -0.1323
vn 0.7463 0.6517 -0.1353
vn 0.5073 -0.6294 -0.5887
vn 0.4829 0.6456 -0.5916
vn 0.0340 0.9950 0.0944
vn 0.0736 0.9051 0.4187
vn -0.0919 0.9369 0.3372
vn -0.2758 0.9051 0.3235
vn -0.0142 0.9985 0.0522
vn 0.6315 -0.2385 0.7378
vn 0.9185 0.2384 -0.3155
vn 0.1764 -0.9385 0.2968
vn 0.4633 -0.4615 -0.7565
vn -0.7207 -0.6711 0.1736
vn -0.4339 -0.1942 -0.8798
vn -0.8202 0.1941 0.5382
vn -0.5332 0.6711 -0.5151
vn 0.0155 0.4615 0.8870
vn 0.3027 0.9385 -0.1663
vn -0.0705 0.9670 0.2447
vn -0.1373 0.9886 0.0626
vn -0.2309 0.9670 -0.1073
vn 0.1349 0.9889 -0.0615
vn -0.2010 -0.1024 0.9742
vn 0.8671 0.1024 0.4875
vn -0.3116 -0.8549 0.4148
vn 0.7564 -0.6501 -0.0720
vn -0.7295 -0.5676 -0.3816
vn 0.3385 -0.3625 -0.8683
vn -0.8773 0.3627 -0.3143
vn 0.1907 0.5676 -0.8009
vn -0.5505 0.6502 0.5236
vn 0.5174 0.8550 0.0371
vn -0.0567 0.9801 0.1901
vn 0.0258 0.9996 0.0123
vn 0.1119 0.9801 -0.1638
vn 0.2581 0.9583 0.1230
vn -0.8830 0.0188 0.4691
vn 0.1921 -0.0189 0.9812
vn -0.6661 -0.7447 -0.0424
vn 0.4090 -0.7824 0.4697
vn -0.2716 -0.4530 -0.8491
vn 0.8035 -0.4907 -0.3370
vn -0.2446 0.4907 -0.8363
vn 0.8305 0.4531 -0.3241
vn -0.6225 0.7823 -0.0216
vn 0.4525 0.7447 0.4906
vn -0.1642 0.9759 0.1435
vn 0.0215 0.9964 0.0821
vn 0.2134 0.9759 0.0445
vn 0.1127 0.8956 0.4303
vn -0.9272 0.0608 -0.3696
vn -0.6268 -0.0608 0.7768
vn -0.4101 -0.6991 -0.5858
vn -0.1096 -0.8208 0.5607
vn 0.4661 -0.4089 -0.7845
vn 0.7665 -0.5305 0.3620
vn 0.4906 0.5304 -0.6913
vn 0.7910 0.4088 0.4551
vn -0.3705 0.8208 -0.4348
vn -0.0701 0.6990 0.7117
vn -0.1105 0.9778 -0.1780
vn 0.0413 0.9977 -0.0546
vn 0.2013 0.9778 0.0581
vn -0.1441 0.9711 0.1904
vn -0.2819 -0.0467 -0.9583
vn -0.9988 0.0468 -0.0112
vn 0.1243 -0.8083 -0.5755
vn -0.5925 -0.7148 0.3715
vn 0.8541 -0.5175 -0.0516
vn 0.1373 -0.4239 0.8952
vn 0.8989 0.4240 -0.1109
vn 0.1820 0.5174 0.8362
vn 0.1966 0.7149 -0.6710
vn -0.5202 0.8083 0.2758
vn 0.2503 0.9493 -0.1902
vn 0.2329 0.9725 -0.0003
vn 0.2508 0.9493 0.1895
vn -0.0257 0.9997 -0.0000
vn 0.5743 -0.1540 -0.8041
vn -0.5766 0.1541 -0.8024
vn 0.3776 -0.8919 -0.2487
vn -0.7733 -0.5840 -0.2471
vn 0.4545 -0.6100 0.6491
vn -0.6964 -0.3022 0.6509
vn 0.6984 0.3020 0.6488
vn -0.4525 0.6101 0.6504
vn 0.7725 0.5840 -0.2493
vn -0.3784 0.8919 -0.2476
vn 0.3902 0.8934 0.2225
vn 0.2245 0.9274 0.2993
vn 0.1044 0.8934 0.4369
vn 0.0477 0.9968 0.0636
vn 0.9654 -0.2555 -0.0515
vn 0.3197 0.2556 -0.9124
vn 0.3248 -0.9456 0.0194
vn -0.3209 -0.4345 -0.8416
vn -0.3187 -0.6820 0.6583
vn -0.9643 -0.1708 -0.2026
vn -0.0753 0.1709 0.9824
vn -0.7211 0.6820 0.1215
vn 0.7180 0.4346 0.5436
vn 0.0723 0.9456 -0.3173
vn -0.7593 -0.5291 -0.3789
vn -0.7593 0.5291 0.3789
vn -0.0264 -0.6332 -0.7735
vn 0.0264 0.6409 -0.7672
vn -0.5211 -0.6136 -0.5932
vn -0.4684 0.6605 -0.5868
vn -0.7844 -0.6050 -0.1368
vn -0.7317 0.6691 -0.1305
vn -0.6930 -0.6114 0.3821
vn -0.6402 0.6627 0.3885
vn -0.2896 -0.6297 0.7208
vn -0.2369 0.6443 0.7271
vn 0.2369 -0.6515 0.7207
vn 0.2896 0.6226 0.7270
vn 0.6402 -0.6666 0.3818
vn 0.6930 0.6075 0.3882
vn 0.7316 -0.6678 -0.1371
vn 0.7844 0.6063 -0.1308
vn 0.4684 -0.6545 -0.5934
vn 0.5211 0.6195 -0.5871
vn 0.0126 0.9979 0.0643
vn -0.0643 0.9666 0.2480
vn -0.1344 0.9887 0.0669
vn -0.2366 0.9666 -0.0982
vn 0.1674 0.9824 -0.0833
vn -0.1671 -0.1050 0.9803
vn 0.8828 0.1051 0.4578
vn -0.2937 -0.8570 0.4234
vn 0.7562 -0.6468 -0.0992
vn -0.7399 -0.5698 -0.3576
vn 0.3098 -0.3598 -0.8801
vn -0.8890 0.3597 -0.2834
vn 0.1609 0.5697 -0.8059
vn -0.5350 0.6469 0.5435
vn 0.5148 0.8571 0.0209
vn -0.0655 0.9801 0.1873
vn 0.0246 0.9996 0.0132
vn 0.1197 0.9801 -0.1583
vn 0.2964 0.9418 0.1588
vn -0.9042 0.0190 0.4267
vn 0.1455 -0.0191 0.9892
vn -0.6635 -0.7445 -0.0740
vn 0.3860 -0.7826 0.4884
vn -0.2312 -0.4527 -0.8612
vn 0.8184 -0.4909 -0.2986
vn -0.2046 0.4910 -0.8468
vn 0.8450 0.4528 -0.2844
vn -0.6204 0.7827 -0.0509
vn 0.4291 0.7444 0.5115
vn -0.1844 0.9789 0.0883
vn 0.0085 0.9985 0.0548
vn 0.2025 0.9789 0.0285
vn 0.0467 0.9521 0.3023
vn -0.8846 0.0364 -0.4649
vn -0.7029 -0.0363 0.7103
vn -0.3433 -0.7261 -0.5957
vn -0.1616 -0.7988 0.5795
vn 0.5470 -0.4349 -0.7153
vn 0.7286 -0.5076 0.4599
vn 0.5557 0.5076 -0.6584
vn 0.7374 0.4349 0.5168
vn -0.3290 0.7988 -0.5037
vn -0.1474 0.7262 0.6715
vn -0.0964 0.9783 -0.1833
vn 0.0414 0.9982 -0.0442
vn 0.1890 0.9783 0.0845
vn -0.1853 0.9626 0.1975
vn -0.1793 -0.0421 -0.9829
vn -0.9923 0.0422 -0.1162
vn 0.1886 -0.8041 -0.5638
vn -0.6245 -0.7198 0.3030
vn 0.8576 -0.5131 0.0357
vn 0.0447 -0.4289 0.9023
vn 0.9033 0.4288 -0.0132
vn 0.0903 0.5131 0.8536
vn 0.2625 0.7199 -0.6426
vn -0.5506 0.8041 0.2242
vn 0.2237 0.9571 -0.1841
vn 0.2032 0.9791 0.0067
vn 0.2110 0.9571 0.1985
vn -0.0497 0.9988 -0.0016
vn 0.6068 -0.1338 -0.7835
vn -0.5536 0.1339 -0.8220
vn 0.4169 -0.8782 -0.2345
vn -0.7434 -0.6106 -0.2730
vn 0.4528 -0.5938 0.6651
vn -0.7076 -0.3263 0.6268
vn 0.6645 0.3263 0.6723
vn -0.4957 0.5939 0.6337
vn 0.7599 0.6106 -0.2231
vn -0.4005 0.8782 -0.2616
vn 0.3003 0.9513 0.0691
vn 0.1437 0.9735 0.1779
vn 0.0042 0.9513 0.3081
vn -0.0003 1.0000 -0.0004
vn 0.9874 -0.1483 -0.0556
vn 0.2625 0.1483 -0.9535
vn 0.4362 -0.8881 0.1450
vn -0.2887 -0.5916 -0.7528
vn -0.2169 -0.6055 0.7657
vn -0.9419 -0.3090 -0.1320
vn -0.0694 0.3089 0.9485
vn -0.7942 0.6056 0.0506
vn 0.6750 0.5915 0.4411
vn -0.0497 0.8881 -0.4569
vn 0.1484 0.9573 0.2481
vn -0.0360 0.9806 0.1927
vn -0.2280 0.9573 0.1779
vn 0.0216 0.9931 -0.1157
vn 0.6830 -0.1349 0.7178
vn 0.8961 0.1348 -0.4229
vn 0.1692 -0.8789 0.4460
vn 0.3822 -0.6092 -0.6948
vn -0.7256 -0.5947 0.3462
vn -0.5127 -0.3251 -0.7946
vn -0.7649 0.3251 0.5561
vn -0.5519 0.5947 -0.5846
vn 0.1058 0.6093 0.7858
vn 0.3188 0.8789 -0.3549
vn 0.8499 -0.5269 -0.0000
vn 0.7230 0.6908 -0.0000
vn 0.4250 -0.5269 0.7361
vn 0.3615 0.6908 0.6262
vn -0.4250 -0.5269 0.7360
vn -0.3615 0.6908 0.6262
vn -0.8499 -0.5269 -0.0000
vn -0.7230 0.6908 -0.0000
vn -0.4249 -0.5269 -0.7361
vn -0.3615 0.6908 -0.6262
vn 0.4249 -0.5269 -0.7360
vn 0.3615 0.6908 -0.6262
vn 0.8390 -0.5441 -0.0000
vn 0.7383 0.6744 -0.0000
vn 0.4195 -0.5441 0.7266
vn 0.3692 0.6744 0.6394
vn -0.4195 -0.5441 0.7266
vn -0.3692 0.6744 0.6394
vn -0.8390 -0.5441 -0.0000
vn -0.7383 0.6744 -0.0000
vn -0.4195 -0.5442 -0.7266
vn -0.3692 0.6744 -0.6394
vn 0.4195 -0.5442 -0.7266
vn 0.3692 0.6744 -0.6394
vn 0.8315 -0.5555 -0.0000
vn 0.7482 0.6635 -0.0000
vn 0.4157 -0.5555 0.7201
vn 0.3741 0.6635 0.6479
vn -0.4158 -0.5555 0.7201
vn -0.3741 0.6635 0.6479
vn -0.8315 -0.5555 -0.0000
vn -0.7482 0.6635 -0.0000
vn -0.4158 -0.5555 -0.7201
vn -0.3741 0.6635 -0.6479
vn 0.4158 -0.5555 -0.7201
vn 0.3741 0.6635 -0.6479
vn 0.8261 -0.5635 -0.0000
vn 0.7550 0.6558 -0.0000
vn 0.4131 -0.5635 0.7154
vn 0.3775 0.6558 0.6538
vn -0.4131 -0.5635 0.7154
vn -0.3775 0.6558 0.6538
vn -0.8261 -0.5635 -0.0000
vn -0.7550 0.6558 -0.0000
vn -0.4130 -0.5635 -0.7154
vn -0.3775 0.6558 -0.6538
vn 0.4130 -0.5635 -0.7154
vn 0.3775 0.6558 -0.6538
vn 0.4249 -0.5269 0.7361
vn -0.4249 -0.5269 0.7360
vn -0.4250 -0.5269 -0.7360
vn 0.4250 -0.5269 -0.7361
vn 0.4195 -0.5442 0.7266
vn -0.4195 -0.5441 -0.7266
vn 0.4195 -0.5441 -0.7266
vn 0.7481 0.6635 -0.0000
vn 0.3775 0.6557 0.6538
vn -0.3775 0.6557 0.6538
vn 0.4130 -0.5635 0.7154
vn -0.4130 -0.5635 0.7154
vn -0.4131 -0.5635 -0.7154
vn -0.3775 0.6557 -0.6538
vn 0.4131 -0.5635 -0.7154
vn 0.3775 0.6557 -0.6538
s 1
usemtl verdant_growth
f 1//1 2//2 3//3
f 1//1 3//3 4//4
f 1//1 4//4 5//5
f 1//1 5//5 6//6
f 1//1 6//6 7//7
f 1//1 7//7 8//8
f 1//1 8//8 9//9
f 1//1 9//9 2//2
f 10//10 3//3 2//2
f 11//11 4//4 3//3
f 12//12 5//5 4//4
f 13//13 6//6 5//5
f 14//14 7//7 6//6
f 15//15 8//8 7//7
f 16//16 9//9 8//8
f 17//17 2//2 9//9
f 10//10 18//18 11//11
f 11//11 18//18 12//12
f 12//12 18//18 13//13
f 13//13 18//18 14//14
f 14//14 18//18 15//15
f 15//15 18//18 16//16
f 16//16 18//18 17//17
f 17//17 18//18 10//10
f 33//33 25//25 21//21
f 22//22 30//30 34//34
f 21//21 20//20 19//19
f 23//23 22//22 21//21
f 25//25 24//24 23//23
f 25//25 28//28 26//26
f 29//29 28//28 27//27
f 29//29 32//32 30//30
f 33//33 32//32 31//31
f 35//35 34//34 33//33
f 35//35 20//20 36//36
f 48//48 44//44 42//42
f 45//45 49//49 51//51
f 44//44 43//43 42//42
f 46//46 45//45 44//44
f 46//46 49//49 47//47
f 48//48 51//51 49//49
f 42//42 51//51 50//50
f 62//62 58//58 56//56
f 59//59 63//63 65//65
f 56//56 59//59 57//57
f 60//60 59//59 58//58
f 60//60 63//63 61//61
f 64//64 63//63 62//62
f 56//56 65//65 64//64
f 76//76 72//72 70//70
f 73//73 77//77 79//79
f 70//70 73//73 71//71
f 72//72 75//75 73//73
f 74//74 77//77 75//75
f 78//78 77//77 76//76
f 70//70 79//79 78//78
f 90//90 86//86 84//84
f 87//87 91//91 93//93
f 84//84 87//87 85//85
f 88//88 87//87 86//86
f 88//88 91//91 89//89
f 90//90 93//93 91//91
f 84//84 93//93 92//92
f 104//104 100//100 98//98
f 101//101 105//105 107//107
f 100//100 99//99 98//98
f 102//102 101//101 100//100
f 102//102 105//105 103//103
f 104//104 107//107 105//105
f 98//98 107//107 106//106
f 118//118 114//114 112//112
f 115//115 119//119 121//121
f 114//114 113//113 112//112
f 116//116 115//115 114//114
f 116//116 119//119 117//117
f 118//118 121//121 119//119
f 112//112 121//121 120//120
f 132//132 128//128 126//126
f 129//129 133//133 135//135
f 126//126 129//129 127//127
f 130//130 129//129 128//128
f 132//132 131//131 130//130
f 132//132 135//135 133//133
f 126//126 135//135 134//134
f 248//1 249//2 250//3
f 248//1 250//3 251//4
f 248//1 251//4 252//5
f 248//1 252//5 253//6
f 248//1 253//6 254//7
f 248//1 254//7 255//8
f 248//1 255//8 256//9
f 248//1 256//9 249//2
f 257//10 250//3 249//2
f 258//11 251//4 250//3
f 259//12 252//5 251//4
f 260//13 253//6 252//5
f 261//14 254//7 253//6
f 262//15 255//8 254//7
f 263//16 256//9 255//8
f 264//17 249//2 256//9
f 257//10 265//18 258//11
f 258//11 265//18 259//12
f 259//12 265//18 260//13
f 260//13 265//18 261//14
f 261//14 265//18 262//15
f 262//15 265//18 263//16
f 263//16 265//18 264//17
f 264//17 265//18 257//10
f 280//199 272//191 268//187
f 269//188 277//196 281//200
f 266//185 269//188 267//186
f 270//189 269//188 268//187
f 270//189 273//192 271//190
f 272//191 275//194 273//192
f 276//195 275//194 274//193
f 276//195 279//198 277//196
f 280//199 279//198 278//197
f 282//201 281//200 280//199
f 282//201 267//186 283//202
f 295//214 291//210 289//208
f 292//211 296//215 298//217
f 291//210 290//209 289//208
f 291//210 294//213 292//211
f 295//214 294//213 293//212
f 297//216 296//215 295//214
f 297//216 290//209 298//217
f 309//228 305//224 303//222
f 306//225 310//229 312//231
f 305//224 304//223 303//222
f 305//224 308//227 306//225
f 307//226 310//229 308//227
f 311//230 310//229 309//228
f 311//230 304//223 312//231
f 323//242 319//238 317//236
f 320//239 324//243 326//245
f 319//238 318//237 317//236
f 319//238 322//241 320//239
f 321//240 324//243 322//241
f 325//244 324//243 323//242
f 325//244 318//237 326//245
f 337//256 333//252 331//250
f 334//253 338//257 340//259
f 331//250 334//253 332//251
f 335//254 334//253 333//252
f 335//254 338//257 336//255
f 339//258 338//257 337//256
f 339//258 332//251 340//259
f 351//270 347//266 345//264
f 348//267 352//271 354//273
f 345//264 348//267 346//265
f 349//268 348//267 347//266
f 349//268 352//271 350//269
f 353//272 352//271 351//270
f 345//264 354//273 353//272
f 365//284 361//280 359//278
f 362//281 366//285 368//287
f 359//278 362//281 360//279
f 363//282 362//281 361//280
f 363//282 366//285 364//283
f 367//286 366//285 365//284
f 367//286 360//279 368//287
f 379//298 375//294 373//292
f 376//295 380//299 382//301
f 375//294 374//293 373//292
f 375//294 378//297 376//295
f 379//298 378//297 377//296
f 381//300 380//299 379//298
f 381//300 374//293 382//301
f 495//1 496//2 497//3
f 495//1 497//3 498//4
f 495//1 498//4 499//5
f 495//1 499//5 500//6
f 495//1 500//6 501//7
f 495//1 501//7 502//8
f 495//1 502//8 503//9
f 495//1 503//9 496//2
f 504//10 497//3 496//2
f 505//11 498//4 497//3
f 506//12 499//5 498//4
f 507//13 500//6 499//5
f 508//14 501//7 500//6
f 509//15 502//8 501//7
f 510//16 503//9 502//8
f 511//17 496//2 503//9
f 504//10 512//18 505//11
f 505//11 512//18 506//12
f 506//12 512//18 507//13
f 507//13 512//18 508//14
f 508//14 512//18 509//15
f 509//15 512//18 510//16
f 510//16 512//18 511//17
f 511//17 512//18 504//10
f 527//316 519//308 515//304
f 516//305 524//313 528//317
f 513//302 516//305 514//303
f 517//306 516//305 515//304
f 517//306 520//309 518//307
f 519//308 522//311 520//309
f 523//312 522//311 521//310
f 523//312 526//315 524//313
f 527//316 526//315 525//314
f 527//316 530//319 528//317
f 529//318 514//303 530//319
f 542//331 538//327 536//325
f 539//328 543//332 545//334
f 538//327 537//326 536//325
f 538//327 541//330 539//328
f 542//331 541//330 540//329
f 542//331 545//334 543//332
f 544//333 537//326 545//334
f 556//345 552//341 550//339
f 553//342 557//346 559//348
f 550//339 553//342 551//340
f 554//343 553//342 552//341
f 554//343 557//346 555//344
f 558//347 557//346 556//345
f 558//347 551//340 559//348
f 570//359 566//355 564//353
f 567//356 571//360 573//362
f 564//353 567//356 565//354
f 568//357 567//356 566//355
f 570//359 569//358 568//357
f 570//359 573//362 571//360
f 564//353 573//362 572//361
f 584//373 580//369 578//367
f 581//370 585//374 587//376
f 578//367 581//370 579//368
f 582//371 581//370 580//369
f 582//371 585//374 583//372
f 586//375 585//374 584//373
f 586//375 579//368 587//376
f 598//387 594//383 592//381
f 595//384 599//388 601//390
f 594//383 593//382 592//381
f 596//385 595//384 594//383
f 596//385 599//388 597//386
f 598//387 601//390 599//388
f 600//389 593//382 601//390
f 612//401 608//397 606//395
f 609//398 613//402 615//404
f 608//397 607//396 606//395
f 608//397 611//400 609//398
f 612//401 611//400 610//399
f 612//401 615//404 613//402
f 606//395 615//404 614//403
f 626//415 622//411 620//409
f 623//412 627//416 629//418
f 620//409 623//412 621//410
f 624//413 623//412 622//411
f 624//413 627//416 625//414
f 628//417 627//416 626//415
f 628//417 621//410 629//418
f 742//1 743//2 744//3
f 742//1 744//3 745//4
f 742//1 745//4 746//5
f 742//1 746//5 747//6
f 742//1 747//6 748//7
f 742//1 748//7 749//8
f 742//1 749//8 750//9
f 742//1 750//9 743//2
f 751//10 744//3 743//2
f 752//11 745//4 744//3
f 753//12 746//5 745//4
f 754//13 747//6 746//5
f 755//14 748//7 747//6
f 756//15 749//8 748//7
f 757//16 750//9 749//8
f 758//17 743//2 750//9
f 751//10 759//18 752//11
f 752//11 759//18 753//12
f 753//12 759//18 754//13
f 754//13 759//18 755//14
f 755//14 759//18 756//15
f 756//15 759//18 757//16
f 757//16 759//18 758//17
f 758//17 759//18 751//10
f 774//435 766//427 762//423
f 763//424 771//432 775//436
f 762//423 761//422 760//421
f 762//423 765//426 763//424
f 766//427 765//426 764//425
f 768//429 767//428 766//427
f 770//431 769//430 768//429
f 770//431 773//434 771//432
f 774//435 773//434 772//433
f 776//437 775//436 774//435
f 776//437 761//422 777//438
f 789//450 785//446 783//444
f 786//447 790//451 792//453
f 785//446 784//445 783//444
f 785//446 788//449 786//447
f 789//450 788//449 787//448
f 789//450 792//453 790//451
f 783//444 792//453 791//452
f 803//464 799//460 797//458
f 800//461 804//465 806//467
f 799//460 798//459 797//458
f 799//460 802//463 800//461
f 803//464 802//463 801//462
f 805//466 804//465 803//464
f 805//466 798//459 806//467
f 817//478 813//474 811//472
f 814//475 818//479 820//481
f 813//474 812//473 811//472
f 815//476 814//475 813//474
f 817//478 816//477 815//476
f 817//478 820//481 818//479
f 811//472 820//481 819//480
f 831//492 827//488 825//486
f 828//489 832//493 834//495
f 827//488 826//487 825//486
f 827//488 830//491 828//489
f 829//490 832//493 830//491
f 833//494 832//493 831//492
f 833//494 826//487 834//495
f 845//506 841//502 839//500
f 842//503 846//507 848//509
f 841//502 840//501 839//500
f 841//502 844//505 842//503
f 845//506 844//505 843//504
f 845//506 848//509 846//507
f 839//500 848//509 847//508
f 859//520 855//516 853//514
f 856//517 860//521 862//523
f 855//516 854//515 853//514
f 857//518 856//517 855//516
f 859//520 858//519 857//518
f 859//520 862//523 860//521
f 853//514 862//523 861//522
f 873//534 869//530 867//528
f 870//531 874//535 876//537
f 869//530 868//529 867//528
f 869//530 872//533 870//531
f 873//534 872//533 871//532
f 873//534 876//537 874//535
f 875//536 868//529 876//537
f 10//10 11//11 3//3
f 11//11 12//12 4//4
f 12//12 13//13 5//5
f 13//13 14//14 6//6
f 14//14 15//15 7//7
f 15//15 16//16 8//8
f 16//16 17//17 9//9
f 17//17 10//10 2//2
f 19//19 35//35 33//33
f 33//33 31//31 29//29
f 29//29 27//27 25//25
f 25//25 23//23 21//21
f 21//21 19//19 33//33
f 33//33 29//29 25//25
f 36//36 20//20 22//22
f 22//22 24//24 26//26
f 26//26 28//28 30//30
f 30//30 32//32 34//34
f 34//34 36//36 22//22
f 22//22 26//26 30//30
f 21//21 22//22 20//20
f 23//23 24//24 22//22
f 25//25 26//26 24//24
f 25//25 27//27 28//28
f 29//29 30//30 28//28
f 29//29 31//31 32//32
f 33//33 34//34 32//32
f 35//35 36//36 34//34
f 35//35 19//19 20//20
f 42//42 50//50 48//48
f 48//48 46//46 44//44
f 51//51 43//43 45//45
f 45//45 47//47 49//49
f 44//44 45//45 43//43
f 46//46 47//47 45//45
f 46//46 48//48 49//49
f 48//48 50//50 51//51
f 42//42 43//43 51//51
f 56//56 64//64 62//62
f 62//62 60//60 58//58
f 65//65 57//57 59//59
f 59//59 61//61 63//63
f 56//56 58//58 59//59
f 60//60 61//61 59//59
f 60//60 62//62 63//63
f 64//64 65//65 63//63
f 56//56 57//57 65//65
f 70//70 78//78 76//76
f 76//76 74//74 72//72
f 79//79 71//71 73//73
f 73//73 75//75 77//77
f 70//70 72//72 73//73
f 72//72 74//74 75//75
f 74//74 76//76 77//77
f 78//78 79//79 77//77
f 70//70 71//71 79//79
f 84//84 92//92 90//90
f 90//90 88//88 86//86
f 93//93 85//85 87//87
f 87//87 89//89 91//91
f 84//84 86//86 87//87
f 88//88 89//89 87//87
f 88//88 90//90 91//91
f 90//90 92//92 93//93
f 84//84 85//85 93//93
f 98//98 106//106 104//104
f 104//104 102//102 100//100
f 107//107 99//99 101//101
f 101//101 103//103 105//105
f 100//100 101//101 99//99
f 102//102 103//103 101//101
f 102//102 104//104 105//105
f 104//104 106//106 107//107
f 98//98 99//99 107//107
f 112//112 120//120 118//118
f 118//118 116//116 114//114
f 121//121 113//113 115//115
f 115//115 117//117 119//119
f 114//114 115//115 113//113
f 116//116 117//117 115//115
f 116//116 118//118 119//119
f 118//118 120//120 121//121
f 112//112 113//113 121//121
f 126//126 134//134 132//132
f 132//132 130//130 128//128
f 135//135 127//127 129//129
f 129//129 131//131 133//133
f 126//126 128//128 129//129
f 130//130 131//131 129//129
f 132//132 133//133 131//131
f 132//132 134//134 135//135
f 126//126 127//127 135//135
f 257//10 258//11 250//3
f 258//11 259//12 251//4
f 259//12 260//13 252//5
f 260//13 261//14 253//6
f 261//14 262//15 254//7
f 262//15 263//16 255//8
f 263//16 264//17 256//9
f 264//17 257//10 249//2
f 266//185 282//201 280//199
f 280//199 278//197 276//195
f 276//195 274//193 272//191
f 272//191 270//189 268//187
f 268//187 266//185 280//199
f 280//199 276//195 272//191
f 283//202 267//186 269//188
f 269//188 271//190 273//192
f 273//192 275//194 277//196
f 277//196 279//198 281//200
f 281//200 283//202 269//188
f 269//188 273//192 277//196
f 266//185 268//187 269//188
f 270//189 271//190 269//188
f 270//189 272//191 273//192
f 272//191 274//193 275//194
f 276//195 277//196 275//194
f 276//195 278//197 279//198
f 280//199 281//200 279//198
f 282//201 283//202 281//200
f 282//201 266//185 267//186
f 289//208 297//216 295//214
f 295//214 293//212 291//210
f 298//217 290//209 292//211
f 292//211 294//213 296//215
f 291//210 292//211 290//209
f 291//210 293//212 294//213
f 295//214 296//215 294//213
f 297//216 298//217 296//215
f 297//216 289//208 290//209
f 303//222 311//230 309//228
f 309//228 307//226 305//224
f 312//231 304//223 306//225
f 306//225 308//227 310//229
f 305//224 306//225 304//223
f 305//224 307//226 308//227
f 307//226 309//228 310//229
f 311//230 312//231 310//229
f 311//230 303//222 304//223
f 317//236 325//244 323//242
f 323//242 321//240 319//238
f 326//245 318//237 320//239
f 320//239 322//241 324//243
f 319//238 320//239 318//237
f 319//238 321//240 322//241
f 321//240 323//242 324//243
f 325//244 326//245 324//243
f 325//244 317//236 318//237
f 331//250 339//258 337//256
f 337//256 335//254 333//252
f 340//259 332//251 334//253
f 334//253 336//255 338//257
f 331//250 333//252 334//253
f 335//254 336//255 334//253
f 335//254 337//256 338//257
f 339//258 340//259 338//257
f 339//258 331//250 332//251
f 345//264 353//272 351//270
f 351//270 349//268 347//266
f 354//273 346//265 348//267
f 348//267 350//269 352//271
f 345//264 347//266 348//267
f 349//268 350//269 348//267
f 349//268 351//270 352//271
f 353//272 354//273 352//271
f 345//264 346//265 354//273
f 359//278 367//286 365//284
f 365//284 363//282 361//280
f 368//287 360//279 362//281
f 362//281 364//283 366//285
f 359//278 361//280 362//281
f 363//282 364//283 362//281
f 363//282 365//284 366//285
f 367//286 368//287 366//285
f 367//286 359//278 360//279
f 373//292 381//300 379//298
f 379//298 377//296 375//294
f 382//301 374//293 376//295
f 376//295 378//297 380//299
f 375//294 376//295 374//293
f 375//294 377//296 378//297
f 379//298 380//299 378//297
f 381//300 382//301 380//299
f 381//300 373//292 374//293
f 504//10 505//11 497//3
f 505//11 506//12 498//4
f 506//12 507//13 499//5
f 507//13 508//14 500//6
f 508//14 509//15 501//7
f 509//15 510//16 502//8
f 510//16 511//17 503//9
f 511//17 504//10 496//2
f 513//302 529//318 527//316
f 527//316 525//314 523//312
f 523//312 521//310 519//308
f 519//308 517//306 515//304
f 515//304 513//302 527//316
f 527//316 523//312 519//308
f 530//319 514//303 516//305
f 516//305 518//307 520//309
f 520//309 522//311 524//313
f 524//313 526//315 528//317
f 528//317 530//319 516//305
f 516//305 520//309 524//313
f 513//302 515//304 516//305
f 517//306 518//307 516//305
f 517//306 519//308 520//309
f 519//308 521//310 522//311
f 523//312 524//313 522//311
f 523//312 525//314 526//315
f 527//316 528//317 526//315
f 527//316 529//318 530//319
f 529//318 513//302 514//303
f 536//325 544//333 542//331
f 542//331 540//329 538//327
f 545//334 537//326 539//328
f 539//328 541//330 543//332
f 538//327 539//328 537//326
f 538//327 540//329 541//330
f 542//331 543//332 541//330
f 542//331 544//333 545//334
f 544//333 536//325 537//326
f 550//339 558//347 556//345
f 556//345 554//343 552//341
f 559//348 551//340 553//342
f 553//342 555//344 557//346
f 550//339 552//341 553//342
f 554//343 555//344 553//342
f 554//343 556//345 557//346
f 558//347 559//348 557//346
f 558//347 550//339 551//340
f 564//353 572//361 570//359
f 570//359 568//357 566//355
f 573//362 565//354 567//356
f 567//356 569//358 571//360
f 564//353 566//355 567//356
f 568//357 569//358 567//356
f 570//359 571//360 569//358
f 570//359 572//361 573//362
f 564//353 565//354 573//362
f 578//367 586//375 584//373
f 584//373 582//371 580//369
f 587//376 579//368 581//370
f 581//370 583//372 585//374
f 578//367 580//369 581//370
f 582//371 583//372 581//370
f 582//371 584//373 585//374
f 586//375 587//376 585//374
f 586//375 578//367 579//368
f 592//381 600//389 598//387
f 598//387 596//385 594//383
f 601//390 593//382 595//384
f 595//384 597//386 599//388
f 594//383 595//384 593//382
f 596//385 597//386 595//384
f 596//385 598//387 599//388
f 598//387 600//389 601//390
f 600//389 592//381 593//382
f 606//395 614//403 612//401
f 612//401 610//399 608//397
f 615//404 607//396 609//398
f 609//398 611//400 613//402
f 608//397 609//398 607//396
f 608//397 610//399 611//400
f 612//401 613//402 611//400
f 612//401 614//403 615//404
f 606//395 607//396 615//404
f 620//409 628//417 626//415
f 626//415 624//413 622//411
f 629//418 621//410 623//412
f 623//412 625//414 627//416
f 620//409 622//411 623//412
f 624//413 625//414 623//412
f 624//413 626//415 627//416
f 628//417 629//418 627//416
f 628//417 620//409 621//410
f 751//10 752//11 744//3
f 752//11 753//12 745//4
f 753//12 754//13 746//5
f 754//13 755//14 747//6
f 755//14 756//15 748//7
f 756//15 757//16 749//8
f 757//16 758//17 750//9
f 758//17 751//10 743//2
f 760//421 776//437 774//435
f 774//435 772//433 770//431
f 770//431 768//429 766//427
f 766//427 764//425 762//423
f 762//423 760//421 774//435
f 774//435 770//431 766//427
f 777//438 761//422 763//424
f 763//424 765//426 767//428
f 767//428 769//430 771//432
f 771//432 773//434 775//436
f 775//436 777//438 763//424
f 763//424 767//428 771//432
f 762//423 763//424 761//422
f 762//423 764//425 765//426
f 766//427 767//428 765//426
f 768//429 769//430 767//428
f 770//431 771//432 769//430
f 770//431 772//433 773//434
f 774//435 775//436 773//434
f 776//437 777//438 775//436
f 776//437 760//421 761//422
f 783//444 791//452 789//450
f 789//450 787//448 785//446
f 792//453 784//445 786//447
f 786//447 788//449 790//451
f 785//446 786//447 784//445
f 785//446 787//448 788//449
f 789//450 790//451 788//449
f 789//450 791//452 792//453
f 783//444 784//445 792//453
f 797//458 805//466 803//464
f 803//464 801//462 799//460
f 806//467 798//459 800//461
f 800//461 802//463 804//465
f 799//460 800//461 798//459
f 799//460 801//462 802//463
f 803//464 804//465 802//463
f 805//466 806//467 804//465
f 805//466 797//458 798//459
f 811//472 819//480 817//478
f 817//478 815//476 813//474
f 820//481 812//473 814//475
f 814//475 816//477 818//479
f 813//474 814//475 812//473
f 815//476 816//477 814//475
f 817//478 818//479 816//477
f 817//478 819//480 820//481
f 811//472 812//473 820//481
f 825//486 833//494 831//492
f 831//492 829//490 827//488
f 834//495 826//487 828//489
f 828//489 830//491 832//493
f 827//488 828//489 826//487
f 827//488 829//490 830//491
f 829//490 831//492 832//493
f 833//494 834//495 832//493
f 833//494 825//486 826//487
f 839//500 847//508 845//506
f 845//506 843//504 841//502
f 848//509 840//501 842//503
f 842//503 844//505 846//507
f 841//502 842//503 840//501
f 841//502 843//504 844//505
f 845//506 846//507 844//505
f 845//506 847//508 848//509
f 839//500 840//501 848//509
f 853//514 861//522 859//520
f 859//520 857//518 855//516
f 862//523 854//515 856//517
f 856//517 858//519 860//521
f 855//516 856//517 854//515
f 857//518 858//519 856//517
f 859//520 860//521 858//519
f 859//520 861//522 862//523
f 853//514 854//515 862//523
f 867//528 875//536 873//534
f 873//534 871//532 869//530
f 876//537 868//529 870//531
f 870//531 872//533 874//535
f 869//530 870//531 868//529
f 869//530 871//532 872//533
f 873//534 874//535 872//533
f 873//534 875//536 876//537
f 875//536 867//528 868//529
usemtl verdant_growth
f 37//37 38//38 39//39
f 37//37 39//39 40//40
f 38//38 41//41 39//39
f 39//39 41//41 40//40
f 37//37 80//80 81//81
f 37//37 81//81 82//82
f 80//80 83//83 81//81
f 81//81 83//83 82//82
f 37//37 122//122 123//123
f 37//37 123//123 124//124
f 122//122 125//125 123//123
f 123//123 125//125 124//124
f 284//203 313//232 314//233
f 284//203 314//233 315//234
f 313//232 316//235 314//233
f 314//233 316//235 315//234
f 284//203 355//274 356//275
f 284//203 356//275 357//276
f 355//274 358//277 356//275
f 356//275 358//277 357//276
f 531//320 546//335 547//336
f 531//320 547//336 548//337
f 546//335 549//338 547//336
f 547//336 549//338 548//337
f 531//320 588//377 589//378
f 531//320 589//378 590//379
f 588//377 591//380 589//378
f 589//378 591//380 590//379
f 778//439 779//440 780//441
f 778//439 780//441 781//442
f 779//440 782//443 780//441
f 780//441 782//443 781//442
f 778//439 821//482 822//483
f 778//439 822//483 823//484
f 821//482 824//485 822//483
f 822//483 824//485 823//484
f 778//439 863//524 864//525
f 778//439 864//525 865//526
f 863//524 866//527 864//525
f 864//525 866//527 865//526
usemtl verdant_growth
f 37//37 52//52 53//53
f 37//37 53//53 54//54
f 52//52 55//55 53//53
f 53//53 55//55 54//54
f 37//37 66//66 67//67
f 37//37 67//67 68//68
f 66//66 69//69 67//67
f 67//67 69//69 68//68
f 37//37 94//94 95//95
f 37//37 95//95 96//96
f 94//94 97//97 95//95
f 95//95 97//97 96//96
f 37//37 108//108 109//109
f 37//37 109//109 110//110
f 108//108 111//111 109//109
f 109//109 111//111 110//110
f 284//203 285//204 286//205
f 284//203 286//205 287//206
f 285//204 288//207 286//205
f 286//205 288//207 287//206
f 284//203 299//218 300//219
f 284//203 300//219 301//220
f 299//218 302//221 300//219
f 300//219 302//221 301//220
f 284//203 327//246 328//247
f 284//203 328//247 329//248
f 327//246 330//249 328//247
f 328//247 330//249 329//248
f 284//203 341//260 342//261
f 284//203 342//261 343//262
f 341//260 344//263 342//261
f 342//261 344//263 343//262
f 284//203 369//288 370//289
f 284//203 370//289 371//290
f 369//288 372//291 370//289
f 370//289 372//291 371//290
f 531//320 532//321 533//322
f 531//320 533//322 534//323
f 532//321 535//324 533//322
f 533//322 535//324 534//323
f 531//320 560//349 561//350
f 531//320 561//350 562//351
f 560//349 563//352 561//350
f 561//350 563//352 562//351
f 531//320 574//363 575//364
f 531//320 575//364 576//365
f 574//363 577//366 575//364
f 575//364 577//366 576//365
f 531//320 602//391 603//392
f 531//320 603//392 604//393
f 602//391 605//394 603//392
f 603//392 605//394 604//393
f 531//320 616//405 617//406
f 531//320 617//406 618//407
f 616//405 619//408 617//406
f 617//406 619//408 618//407
f 778//439 793//454 794//455
f 778//439 794//455 795//456
f 793//454 796//457 794//455
f 794//455 796//457 795//456
f 778//439 807//468 808//469
f 778//439 808//469 809//470
f 807//468 810//471 808//469
f 808//469 810//471 809//470
f 778//439 835//496 836//497
f 778//439 836//497 837//498
f 835//496 838//499 836//497
f 836//497 838//499 837//498
f 778//439 849//510 850//511
f 778//439 850//511 851//512
f 849//510 852//513 850//511
f 850//511 852//513 851//512
usemtl verdant_growth
f 136//1 137//136 138//137
f 136//1 138//137 139//138
f 136//1 139//138 140//139
f 136//1 140//139 141//140
f 136//1 141//140 142//141
f 136//1 142//141 143//142
f 136//1 143//142 144//143
f 136//1 144//143 145//144
f 136//1 145//144 146//145
f 136//1 146//145 137//136
f 137//136 148//147 138//137
f 138//137 149//148 139//138
f 139//138 150//149 140//139
f 150//149 141//140 140//139
f 151//150 142//141 141//140
f 142//141 153//152 143//142
f 143//142 154//153 144//143
f 154//153 145//144 144//143
f 155//154 146//145 145//144
f 156//155 137//136 146//145
f 157//156 148//147 147//146
f 158//157 149//148 148//147
f 159//158 150//149 149//148
f 150//149 161//160 151//150
f 151//150 162//161 152//151
f 162//161 153//152 152//151
f 163//162 154//153 153//152
f 154//153 165//164 155//154
f 155//154 166//165 156//155
f 156//155 157//156 147//146
f 157//156 167//18 158//157
f 158//157 167//18 159//158
f 159//158 167//18 160//159
f 160//159 167//18 161//160
f 161//160 167//18 162//161
f 162//161 167//18 163//162
f 163//162 167//18 164//163
f 164//163 167//18 165//164
f 165//164 167//18 166//165
f 166//165 167//18 157//156
f 168//1 169//166 170//167
f 168//1 170//167 171//168
f 168//1 171//168 172//169
f 168//1 172//169 173//170
f 168//1 173//170 174//171
f 168//1 174//171 175//172
f 168//1 175//172 169//166
f 176//173 170//167 169//166
f 177//174 171//168 170//167
f 178//175 172//169 171//168
f 179//176 173//170 172//169
f 180//177 174//171 173//170
f 181//178 175//172 174//171
f 182//179 169//166 175//172
f 176//173 183//18 177//174
f 177//174 183//18 178//175
f 178//175 183//18 179//176
f 179//176 183//18 180//177
f 180//177 183//18 181//178
f 181//178 183//18 182//179
f 182//179 183//18 176//173
f 184//1 185//166 186//167
f 184//1 186//167 187//168
f 184//1 187//168 188//180
f 184//1 188//180 189//170
f 184//1 189//170 190//171
f 184//1 190//171 191//172
f 184//1 191//172 185//166
f 192//173 186//167 185//166
f 193//174 187//168 186//167
f 194//175 188//180 187//168
f 195//176 189//170 188//180
f 196//181 190//171 189//170
f 197//178 191//172 190//171
f 198//179 185//166 191//172
f 192//173 199//18 193//174
f 193//174 199//18 194//175
f 194//175 199//18 195//176
f 195//176 199//18 196//181
f 196//181 199//18 197//178
f 197//178 199//18 198//179
f 198//179 199//18 192//173
f 200//1 201//166 202//167
f 200//1 202//167 203//168
f 200//1 203//168 204//169
f 200//1 204//169 205//170
f 200//1 205//170 206//171
f 200//1 206//171 207//172
f 200//1 207//172 201//166
f 208//173 202//167 201//166
f 209//174 203//168 202//167
f 210//175 204//169 203//168
f 211//176 205//170 204//169
f 212//177 206//171 205//170
f 213//178 207//172 206//171
f 214//179 201//166 207//172
f 208//173 215//18 209//174
f 209//174 215//18 210//175
f 210//175 215//18 211//176
f 211//176 215//18 212//177
f 212//177 215//18 213//178
f 213//178 215//18 214//179
f 214//179 215//18 208//173
f 216//1 217//166 218//167
f 216//1 218//167 219//168
f 216//1 219//168 220//180
f 216//1 220//180 221//170
f 216//1 221//170 222//171
f 216//1 222//171 223//182
f 216//1 223//182 217//166
f 224//173 218//167 217//166
f 225//174 219//168 218//167
f 226//175 220//180 219//168
f 227//183 221//170 220//180
f 228//181 222//171 221//170
f 229//178 223//182 222//171
f 230//184 217//166 223//182
f 224//173 231//18 225//174
f 225//174 231//18 226//175
f 226//175 231//18 227//183
f 227//183 231//18 228//181
f 228//181 231//18 229//178
f 229//178 231//18 230//184
f 230//184 231//18 224//173
f 232//1 233//166 234//167
f 232//1 234//167 235//168
f 232//1 235//168 236//169
f 232//1 236//169 237//170
f 232//1 237//170 238//171
f 232//1 238//171 239//172
f 232//1 239//172 233//166
f 240//173 234//167 233//166
f 241//174 235//168 234//167
f 242//175 236//169 235//168
f 243//176 237//170 236//169
f 244//177 238//171 237//170
f 245//178 239//172 238//171
f 246//179 233//166 239//172
f 240//173 247//18 241//174
f 241//174 247//18 242//175
f 242//175 247//18 243//176
f 243//176 247//18 244//177
f 244//177 247//18 245//178
f 245//178 247//18 246//179
f 246//179 247//18 240//173
f 383//1 384//136 385//137
f 383//1 385//137 386//138
f 383//1 386//138 387//139
f 383//1 387//139 388//140
f 383//1 388//140 389//141
f 383//1 389//141 390//142
f 383//1 390//142 391//143
f 383//1 391//143 392//144
f 383//1 392//144 393//145
f 383//1 393//145 384//136
f 384//136 395//147 385//137
f 385//137 396//148 386//138
f 396//148 387//139 386//138
f 397//149 388//140 387//139
f 398//150 389//141 388//140
f 389//141 400//152 390//142
f 390//142 401//153 391//143
f 391//143 402//154 392//144
f 402//154 393//145 392//144
f 403//155 384//136 393//145
f 404//156 395//147 394//146
f 405//157 396//148 395//147
f 396//148 407//159 397//149
f 397//149 408//160 398//150
f 398//150 409//161 399//151
f 409//161 400//152 399//151
f 410//162 401//153 400//152
f 411//163 402//154 401//153
f 402//154 413//165 403//155
f 403//155 404//156 394//146
f 404//156 414//18 405//157
f 405//157 414//18 406//158
f 406//158 414//18 407//159
f 407//159 414//18 408//160
f 408//160 414//18 409//161
f 409//161 414//18 410//162
f 410//162 414//18 411//163
f 411//163 414//18 412//164
f 412//164 414//18 413//165
f 413//165 414//18 404//156
f 415//1 416//166 417//167
f 415//1 417//167 418//168
f 415//1 418//168 419//169
f 415//1 419//169 420//170
f 415//1 420//170 421//171
f 415//1 421//171 422//172
f 415//1 422//172 416//166
f 423//173 417//167 416//166
f 424//174 418//168 417//167
f 425//175 419//169 418//168
f 426//176 420//170 419//169
f 427//177 421//171 420//170
f 428//178 422//172 421//171
f 429//179 416//166 422//172
f 423//173 430//18 424//174
f 424//174 430//18 425//175
f 425//175 430//18 426//176
f 426//176 430//18 427//177
f 427//177 430//18 428//178
f 428//178 430//18 429//179
f 429//179 430//18 423//173
f 431//1 432//166 433//167
f 431//1 433//167 434//168
f 431//1 434//168 435//169
f 431//1 435//169 436//170
f 431//1 436//170 437//171
f 431//1 437//171 438//182
f 431//1 438//182 432//166
f 439//173 433//167 432//166
f 440//174 434//168 433//167
f 441//175 435//169 434//168
f 442//176 436//170 435//169
f 443//177 437//171 436//170
f 444//178 438//182 437//171
f 445//184 432//166 438//182
f 439//173 446//18 440//174
f 440//174 446//18 441//175
f 441//175 446//18 442//176
f 442//176 446//18 443//177
f 443//177 446//18 444//178
f 444//178 446//18 445//184
f 445//184 446//18 439//173
f 447//1 448//166 449//167
f 447//1 449//167 450//168
f 447//1 450//168 451//169
f 447//1 451//169 452//170
f 447//1 452//170 453//171
f 447//1 453//171 454//172
f 447//1 454//172 448//166
f 455//173 449//167 448//166
f 456//174 450//168 449//167
f 457//175 451//169 450//168
f 458//176 452//170 451//169
f 459//177 453//171 452//170
f 460//178 454//172 453//171
f 461//179 448//166 454//172
f 455//173 462//18 456//174
f 456//174 462//18 457//175
f 457//175 462//18 458//176
f 458//176 462//18 459//177
f 459//177 462//18 460//178
f 460//178 462//18 461//179
f 461//179 462//18 455//173
f 463//1 464//166 465//167
f 463//1 465//167 466//168
f 463//1 466//168 467//180
f 463//1 467//180 468//170
f 463//1 468//170 469//171
f 463//1 469//171 470//172
f 463//1 470//172 464//166
f 471//173 465//167 464//166
f 472//174 466//168 465//167
f 473//175 467//180 466//168
f 474//176 468//170 467//180
f 475//181 469//171 468//170
f 476//178 470//172 469//171
f 477//184 464//166 470//172
f 471//173 478//18 472//174
f 472//174 478//18 473//175
f 473//175 478//18 474//176
f 474//176 478//18 475//181
f 475//181 478//18 476//178
f 476//178 478//18 477//184
f 477//184 478//18 471//173
f 479//1 480//166 481//167
f 479//1 481//167 482//168
f 479//1 482//168 483//169
f 479//1 483//169 484//170
f 479//1 484//170 485//171
f 479//1 485//171 486//172
f 479//1 486//172 480//166
f 487//173 481//167 480//166
f 488//174 482//168 481//167
f 489//175 483//169 482//168
f 490//176 484//170 483//169
f 491//177 485//171 484//170
f 492//178 486//172 485//171
f 493//179 480//166 486//172
f 487//173 494//18 488//174
f 488//174 494//18 489//175
f 489//175 494//18 490//176
f 490//176 494//18 491//177
f 491//177 494//18 492//178
f 492//178 494//18 493//179
f 493//179 494//18 487//173
f 630//1 631//136 632//137
f 630//1 632//137 633//138
f 630//1 633//138 634//139
f 630//1 634//139 635//140
f 630//1 635//140 636//141
f 630//1 636//141 637//142
f 630//1 637//142 638//143
f 630//1 638//143 639//144
f 630//1 639//144 640//145
f 630//1 640//145 631//136
f 631//136 642//147 632//137
f 632//137 643//148 633//138
f 643//148 634//139 633//138
f 644//149 635//140 634//139
f 645//150 636//141 635//140
f 636//141 647//152 637//142
f 637//142 648//153 638//143
f 648//153 639//144 638//143
f 649//154 640//145 639//144
f 650//155 631//136 640//145
f 651//156 642//147 641//146
f 652//157 643//148 642//147
f 653//158 644//149 643//148
f 644//149 655//160 645//150
f 645//150 656//161 646//151
f 656//161 647//152 646//151
f 657//162 648//153 647//152
f 658//163 649//154 648//153
f 649//154 660//165 650//155
f 650//155 651//156 641//146
f 651//156 661//18 652//157
f 652//157 661//18 653//158
f 653//158 661//18 654//159
f 654//159 661//18 655//160
f 655//160 661//18 656//161
f 656//161 661//18 657//162
f 657//162 661//18 658//163
f 658//163 661//18 659//164
f 659//164 661//18 660//165
f 660//165 661//18 651//156
f 662//1 663//166 664//167
f 662//1 664//167 665//168
f 662//1 665//168 666//169
f 662//1 666//169 667//170
f 662//1 667//170 668//171
f 662//1 668//171 669//172
f 662//1 669//172 663//166
f 670//173 664//167 663//166
f 671//174 665//168 664//167
f 672//175 666//169 665//168
f 673//176 667//170 666//169
f 674//177 668//171 667//170
f 675//178 669//172 668//171
f 676//179 663//166 669//172
f 670//173 677//18 671//174
f 671//174 677//18 672//175
f 672//175 677//18 673//176
f 673//176 677//18 674//177
f 674//177 677//18 675//178
f 675//178 677//18 676//179
f 676//179 677//18 670//173
f 678//1 679//166 680//167
f 678//1 680//167 681//168
f 678//1 681//168 682//180
f 678//1 682//180 683//170
f 678//1 683//170 684//171
f 678//1 684//171 685//182
f 678//1 685//182 679//166
f 686//173 680//167 679//166
f 687//174 681//168 680//167
f 688//175 682//180 681//168
f 689//183 683//170 682//180
f 690//181 684//171 683//170
f 691//178 685//182 684//171
f 692//184 679//166 685//182
f 686//173 693//18 687//174
f 687//174 693//18 688//175
f 688//175 693//18 689//183
f 689//183 693//18 690//181
f 690//181 693//18 691//178
f 691//178 693//18 692//184
f 692//184 693//18 686//173
f 694//1 695//166 696//167
f 694//1 696//167 697//168
f 694//1 697//168 698//169
f 694//1 698//169 699//419
f 694//1 699//419 700//171
f 694//1 700//171 701//172
f 694//1 701//172 695//166
f 702//173 696//167 695//166
f 703//174 697//168 696//167
f 704//175 698//169 697//168
f 705//420 699//419 698//169
f 706//177 700//171 699//419
f 707//178 701//172 700//171
f 708//179 695//166 701//172
f 702//173 709//18 703//174
f 703//174 709//18 704//175
f 704//175 709//18 705//420
f 705//420 709//18 706//177
f 706//177 709//18 707//178
f 707//178 709//18 708//179
f 708//179 709//18 702//173
f 710//1 711//166 712//167
f 710//1 712//167 713//168
f 710//1 713//168 714//169
f 710//1 714//169 715//170
f 710//1 715//170 716//171
f 710//1 716//171 717//182
f 710//1 717//182 711//166
f 718//173 712//167 711//166
f 719//174 713//168 712//167
f 720//175 714//169 713//168
f 721//176 715//170 714//169
f 722//177 716//171 715//170
f 723//178 717//182 716//171
f 724//184 711//166 717//182
f 718//173 725//18 719//174
f 719//174 725//18 720//175
f 720//175 725//18 721//176
f 721//176 725//18 722//177
f 722//177 725//18 723//178
f 723//178 725//18 724//184
f 724//184 725//18 718//173
f 726//1 727//166 728//167
f 726//1 728//167 729//168
f 726//1 729//168 730//169
f 726//1 730//169 731//170
f 726//1 731//170 732//171
f 726//1 732//171 733//172
f 726//1 733//172 727//166
f 734//173 728//167 727//166
f 735//174 729//168 728//167
f 736//175 730//169 729//168
f 737//176 731//170 730//169
f 738//177 732//171 731//170
f 739//178 733//172 732//171
f 740//179 727//166 733//172
f 734//173 741//18 735//174
f 735//174 741//18 736//175
f 736//175 741//18 737//176
f 737//176 741//18 738//177
f 738//177 741//18 739//178
f 739//178 741//18 740//179
f 740//179 741//18 734//173
f 877//1 878//136 879//137
f 877//1 879//137 880//138
f 877//1 880//138 881//139
f 877//1 881//139 882//140
f 877//1 882//140 883//141
f 877//1 883//141 884//142
f 877//1 884//142 885//143
f 877//1 885//143 886//144
f 877//1 886//144 887//145
f 877//1 887//145 878//136
f 878//136 889//147 879//137
f 879//137 890//148 880//138
f 880//138 891//149 881//139
f 891//149 882//140 881//139
f 892//150 883//141 882//140
f 883//141 894//152 884//142
f 884//142 895//153 885//143
f 895//153 886//144 885//143
f 896//154 887//145 886//144
f 897//155 878//136 887//145
f 898//156 889//147 888//146
f 899//157 890//148 889//147
f 900//158 891//149 890//148
f 891//149 902//160 892//150
f 892//150 903//161 893//151
f 903//161 894//152 893//151
f 904//162 895//153 894//152
f 895//153 906//164 896//154
f 896//154 907//165 897//155
f 897//155 898//156 888//146
f 898//156 908//18 899//157
f 899//157 908//18 900//158
f 900//158 908//18 901//159
f 901//159 908//18 902//160
f 902//160 908//18 903//161
f 903//161 908//18 904//162
f 904//162 908//18 905//163
f 905//163 908//18 906//164
f 906//164 908//18 907//165
f 907//165 908//18 898//156
f 909//1 910//166 911//167
f 909//1 911//167 912//168
f 909//1 912//168 913//169
f 909//1 913//169 914//170
f 909//1 914//170 915//171
f 909//1 915//171 916//172
f 909//1 916//172 910//166
f 917//173 911//167 910//166
f 918//174 912//168 911//167
f 919//175 913//169 912//168
f 920//176 914//170 913//169
f 921//177 915//171 914//170
f 922//178 916//172 915//171
f 923//179 910//166 916//172
f 917//173 924//18 918//174
f 918//174 924//18 919//175
f 919//175 924//18 920//176
f 920//176 924//18 921//177
f 921//177 924//18 922//178
f 922//178 924//18 923//179
f 923//179 924//18 917//173
f 925//1 926//166 927//167
f 925//1 927//167 928//168
f 925//1 928//168 929//180
f 925//1 929//180 930//170
f 925//1 930//170 931//171
f 925//1 931//171 932//172
f 925//1 932//172 926//166
f 933//173 927//167 926//166
f 934//174 928//168 927//167
f 935//175 929//180 928//168
f 936//176 930//170 929//180
f 937//181 931//171 930//170
f 938//178 932//172 931//171
f 939//179 926//166 932//172
f 933//173 940//18 934//174
f 934//174 940//18 935//175
f 935//175 940//18 936//176
f 936//176 940//18 937//181
f 937//181 940//18 938//178
f 938//178 940//18 939//179
f 939//179 940//18 933//173
f 941//1 942//166 943//167
f 941//1 943//167 944//168
f 941//1 944//168 945//169
f 941//1 945//169 946//170
f 941//1 946//170 947//171
f 941//1 947//171 948//172
f 941//1 948//172 942//166
f 949//173 943//167 942//166
f 950//174 944//168 943//167
f 951//175 945//169 944//168
f 952//176 946//170 945//169
f 953//177 947//171 946//170
f 954//178 948//172 947//171
f 955//179 942//166 948//172
f 949//173 956//18 950//174
f 950//174 956//18 951//175
f 951//175 956//18 952//176
f 952//176 956//18 953//177
f 953//177 956//18 954//178
f 954//178 956//18 955//179
f 955//179 956//18 949//173
f 957//1 958//166 959//167
f 957//1 959//167 960//168
f 957//1 960//168 961//180
f 957//1 961//180 962//170
f 957//1 962//170 963//171
f 957//1 963//171 964//172
f 957//1 964//172 958//166
f 965//173 959//167 958//166
f 966//174 960//168 959//167
f 967//175 961//180 960//168
f 968//176 962//170 961//180
f 969//181 963//171 962//170
f 970//178 964//172 963//171
f 971//179 958//166 964//172
f 965//173 972//18 966//174
f 966//174 972//18 967//175
f 967//175 972//18 968//176
f 968//176 972//18 969//181
f 969//181 972//18 970//178
f 970//178 972//18 971//179
f 971//179 972//18 965//173
f 973//1 974//166 975//167
f 973//1 975//167 976//168
f 973//1 976//168 977//169
f 973//1 977//169 978//170
f 973//1 978//170 979//171
f 973//1 979//171 980//172
f 973//1 980//172 974//166
f 981//173 975//167 974//166
f 982//174 976//168 975//167
f 983//175 977//169 976//168
f 984//176 978//170 977//169
f 985//177 979//171 978//170
f 986//178 980//172 979//171
f 987//179 974//166 980//172
f 981//173 988//18 982//174
f 982//174 988//18 983//175
f 983//175 988//18 984//176
f 984//176 988//18 985//177
f 985//177 988//18 986//178
f 986//178 988//18 987//179
f 987//179 988//18 981//173
f 137//136 147//146 148//147
f 138//137 148//147 149//148
f 139//138 149//148 150//149
f 150//149 151//150 141//140
f 151//150 152//151 142//141
f 142//141 152//151 153//152
f 143//142 153//152 154//153
f 154//153 155//154 145//144
f 155//154 156//155 146//145
f 156//155 147//146 137//136
f 157//156 158//157 148//147
f 158//157 159//158 149//148
f 159//158 160//159 150//149
f 150//149 160//159 161//160
f 151//150 161//160 162//161
f 162//161 163//162 153//152
f 163//162 164//163 154//153
f 154//153 164//163 165//164
f 155//154 165//164 166//165
f 156//155 166//165 157//156
f 176//173 177//174 170//167
f 177//174 178//175 171//168
f 178//175 179//176 172//169
f 179//176 180//177 173//170
f 180//177 181//178 174//171
f 181//178 182//179 175//172
f 182//179 176//173 169//166
f 192//173 193//174 186//167
f 193//174 194//175 187//168
f 194//175 195//176 188//180
f 195//176 196//181 189//170
f 196//181 197//178 190//171
f 197//178 198//179 191//172
f 198//179 192//173 185//166
f 208//173 209//174 202//167
f 209//174 210//175 203//168
f 210//175 211//176 204//169
f 211//176 212//177 205//170
f 212//177 213//178 206//171
f 213//178 214//179 207//172
f 214//179 208//173 201//166
f 224//173 225//174 218//167
f 225//174 226//175 219//168
f 226//175 227//183 220//180
f 227//183 228//181 221//170
f 228//181 229//178 222//171
f 229//178 230//184 223//182
f 230//184 224//173 217//166
f 240//173 241//174 234//167
f 241//174 242//175 235//168
f 242//175 243//176 236//169
f 243//176 244//177 237//170
f 244//177 245//178 238//171
f 245//178 246//179 239//172
f 246//179 240//173 233//166
f 384//136 394//146 395//147
f 385//137 395//147 396//148
f 396//148 397//149 387//139
f 397//149 398//150 388//140
f 398//150 399//151 389//141
f 389//141 399//151 400//152
f 390//142 400//152 401//153
f 391//143 401//153 402//154
f 402//154 403//155 393//145
f 403//155 394//146 384//136
f 404//156 405//157 395//147
f 405//157 406//158 396//148
f 396//148 406//158 407//159
f 397//149 407//159 408//160
f 398//150 408//160 409//161
f 409//161 410//162 400//152
f 410//162 411//163 401//153
f 411//163 412//164 402//154
f 402//154 412//164 413//165
f 403//155 413//165 404//156
f 423//173 424//174 417//167
f 424//174 425//175 418//168
f 425//175 426//176 419//169
f 426//176 427//177 420//170
f 427//177 428//178 421//171
f 428//178 429//179 422//172
f 429//179 423//173 416//166
f 439//173 440//174 433//167
f 440//174 441//175 434//168
f 441//175 442//176 435//169
f 442//176 443//177 436//170
f 443//177 444//178 437//171
f 444//178 445//184 438//182
f 445//184 439//173 432//166
f 455//173 456//174 449//167
f 456//174 457//175 450//168
f 457//175 458//176 451//169
f 458//176 459//177 452//170
f 459//177 460//178 453//171
f 460//178 461//179 454//172
f 461//179 455//173 448//166
f 471//173 472//174 465//167
f 472//174 473//175 466//168
f 473//175 474//176 467//180
f 474//176 475//181 468//170
f 475//181 476//178 469//171
f 476//178 477//184 470//172
f 477//184 471//173 464//166
f 487//173 488//174 481//167
f 488//174 489//175 482//168
f 489//175 490//176 483//169
f 490//176 491//177 484//170
f 491//177 492//178 485//171
f 492//178 493//179 486//172
f 493//179 487//173 480//166
f 631//136 641//146 642//147
f 632//137 642//147 643//148
f 643//148 644//149 634//139
f 644//149 645//150 635//140
f 645//150 646//151 636//141
f 636//141 646//151 647//152
f 637//142 647//152 648//153
f 648//153 649//154 639//144
f 649//154 650//155 640//145
f 650//155 641//146 631//136
f 651//156 652//157 642//147
f 652//157 653//158 643//148
f 653//158 654//159 644//149
f 644//149 654//159 655//160
f 645//150 655//160 656//161
f 656//161 657//162 647//152
f 657//162 658//163 648//153
f 658//163 659//164 649//154
f 649//154 659//164 660//165
f 650//155 660//165 651//156
f 670//173 671//174 664//167
f 671//174 672//175 665//168
f 672//175 673//176 666//169
f 673//176 674//177 667//170
f 674//177 675//178 668//171
f 675//178 676//179 669//172
f 676//179 670//173 663//166
f 686//173 687//174 680//167
f 687//174 688//175 681//168
f 688//175 689//183 682//180
f 689//183 690//181 683//170
f 690//181 691//178 684//171
f 691//178 692//184 685//182
f 692//184 686//173 679//166
f 702//173 703//174 696//167
f 703//174 704//175 697//168
f 704//175 705//420 698//169
f 705//420 706//177 699//419
f 706//177 707//178 700//171
f 707//178 708//179 701//172
f 708//179 702//173 695//166
f 718//173 719//174 712//167
f 719//174 720//175 713//168
f 720//175 721//176 714//169
f 721//176 722//177 715//170
f 722//177 723//178 716//171
f 723//178 724//184 717//182
f 724//184 718//173 711//166
f 734//173 735//174 728//167
f 735//174 736//175 729//168
f 736//175 737//176 730//169
f 737//176 738//177 731//170
f 738//177 739//178 732//171
f 739//178 740//179 733//172
f 740//179 734//173 727//166
f 878//136 888//146 889//147
f 879//137 889//147 890//148
f 880//138 890//148 891//149
f 891//149 892//150 882//140
f 892//150 893//151 883//141
f 883//141 893//151 894//152
f 884//142 894//152 895//153
f 895//153 896//154 886//144
f 896//154 897//155 887//145
f 897//155 888//146 878//136
f 898//156 899//157 889//147
f 899//157 900//158 890//148
f 900//158 901//159 891//149
f 891//149 901//159 902//160
f 892//150 902//160 903//161
f 903//161 904//162 894//152
f 904//162 905//163 895//153
f 895//153 905//163 906//164
f 896//154 906//164 907//165
f 897//155 907//165 898//156
f 917//173 918//174 911//167
f 918//174 919//175 912//168
f 919//175 920//176 913//169
f 920//176 921//177 914//170
f 921//177 922//178 915//171
f 922//178 923//179 916//172
f 923//179 917//173 910//166
f 933//173 934//174 927//167
f 934//174 935//175 928//168
f 935//175 936//176 929//180
f 936//176 937//181 930//170
f 937//181 938//178 931//171
f 938//178 939//179 932//172
f 939//179 933//173 926//166
f 949//173 950//174 943//167
f 950//174 951//175 944//168
f 951//175 952//176 945//169
f 952//176 953//177 946//170
f 953//177 954//178 947//171
f 954//178 955//179 948//172
f 955//179 949//173 942//166
f 965//173 966//174 959//167
f 966//174 967//175 960//168
f 967//175 968//176 961//180
f 968//176 969//181 962//170
f 969//181 970//178 963//171
f 970//178 971//179 964//172
f 971//179 965//173 958//166
f 981//173 982//174 975//167
f 982//174 983//175 976//168
f 983//175 984//176 977//169
f 984//176 985//177 978//170
f 985//177 986//178 979//171
f 986//178 987//179 980//172
f 987//179 981//173 974//166
usemtl verdant_growth
f 989//538 993//542 997//546
f 1000//549 996//545 992//541
f 989//538 992//541 991//540
f 992//541 993//542 991//540
f 994//543 995//544 993//542
f 996//545 997//546 995//544
f 998//547 999//548 997//546
f 999//548 990//539 989//538
f 1001//550 1005//554 1009//558
f 1012//561 1008//557 1004//553
f 1001//550 1004//553 1003//552
f 1003//552 1006//555 1005//554
f 1006//555 1007//556 1005//554
f 1008//557 1009//558 1007//556
f 1009//558 1012//561 1011//560
f 1011//560 1002//551 1001//550
f 1013//562 1017//566 1021//570
f 1024//573 1020//569 1016//565
f 1014//563 1015//564 1013//562
f 1016//565 1017//566 1015//564
f 1017//566 1020//569 1019//568
f 1020//569 1021//570 1019//568
f 1022//571 1023//572 1021//570
f 1023//572 1014//563 1013//562
f 1025//574 1029//578 1033//582
f 1036//585 1032//581 1028//577
f 1025//574 1028//577 1027//576
f 1028//577 1029//578 1027//576
f 1030//579 1031//580 1029//578
f 1032//581 1033//582 1031//580
f 1034//583 1035//584 1033//582
f 1035//584 1026//575 1025//574
f 1037//538 1041//587 1045//588
f 1048//549 1044//545 1040//541
f 1038//539 1039//586 1037//538
f 1040//541 1041//587 1039//586
f 1041//587 1044//545 1043//544
f 1043//544 1046//547 1045//588
f 1045//588 1048//549 1047//589
f 1048//549 1037//538 1047//589
f 1049//550 1053//554 1057//591
f 1060//561 1056//557 1052//553
f 1050//551 1051//590 1049//550
f 1051//590 1054//555 1053//554
f 1053//554 1056//557 1055//556
f 1055//556 1058//559 1057//591
f 1057//591 1060//561 1059//592
f 1060//561 1049//550 1059//592
f 1061//562 1065//566 1069//570
f 1072//573 1068//569 1064//565
f 1062//593 1063//564 1061//562
f 1064//565 1065//566 1063//564
f 1065//566 1068//569 1067//568
f 1067//568 1070//571 1069//570
f 1069//570 1072//573 1071//572
f 1072//573 1061//562 1071//572
f 1073//574 1077//578 1081//582
f 1084//585 1080//581 1076//594
f 1073//574 1076//594 1075//576
f 1075//576 1078//595 1077//578
f 1078//595 1079//580 1077//578
f 1080//581 1081//582 1079//580
f 1081//582 1084//585 1083//584
f 1083//584 1074//575 1073//574
f 1085//538 1089//587 1093//546
f 1096//549 1092//545 1088//541
f 1086//539 1087//586 1085//538
f 1088//541 1089//587 1087//586
f 1089//587 1092//545 1091//544
f 1092//545 1093//546 1091//544
f 1094//547 1095//548 1093//546
f 1095//548 1086//539 1085//538
f 1097//550 1101//554 1105//591
f 1108//561 1104//557 1100//553
f 1097//550 1100//553 1099//552
f 1100//553 1101//554 1099//552
f 1102//555 1103//556 1101//554
f 1104//557 1105//591 1103//556
f 1106//559 1107//560 1105//591
f 1107//560 1098//551 1097//550
f 1109//562 1113//566 1117//570
f 1120//573 1116//569 1112//565
f 1110//563 1111//564 1109//562
f 1112//565 1113//566 1111//564
f 1113//566 1116//569 1115//568
f 1115//568 1118//571 1117//570
f 1118//571 1119//572 1117//570
f 1120//573 1109//562 1119//572
f 1121//574 1125//597 1129//598
f 1132//601 1128//581 1124//577
f 1122//575 1123//596 1121//574
f 1124//577 1125//597 1123//596
f 1125//597 1128//581 1127//580
f 1127//580 1130//599 1129//598
f 1130//599 1131//600 1129//598
f 1132//601 1121//574 1131//600
f 997//546 999//548 989//538
f 989//538 991//540 993//542
f 993//542 995//544 997//546
f 992//541 990//539 1000//549
f 1000//549 998//547 996//545
f 996//545 994//543 992//541
f 989//538 990//539 992//541
f 992//541 994//543 993//542
f 994//543 996//545 995//544
f 996//545 998//547 997//546
f 998//547 1000//549 999//548
f 999//548 1000//549 990//539
f 1009//558 1011//560 1001//550
f 1001//550 1003//552 1005//554
f 1005//554 1007//556 1009//558
f 1004//553 1002//551 1012//561
f 1012//561 1010//559 1008//557
f 1008//557 1006//555 1004//553
f 1001//550 1002//551 1004//553
f 1003//552 1004//553 1006//555
f 1006//555 1008//557 1007//556
f 1008//557 1010//559 1009//558
f 1009//558 1010//559 1012//561
f 1011//560 1012//561 1002//551
f 1021//570 1023//572 1013//562
f 1013//562 1015//564 1017//566
f 1017//566 1019//568 1021//570
f 1016//565 1014//563 1024//573
f 1024//573 1022//571 1020//569
f 1020//569 1018//567 1016//565
f 1014//563 1016//565 1015//564
f 1016//565 1018//567 1017//566
f 1017//566 1018//567 1020//569
f 1020//569 1022//571 1021//570
f 1022//571 1024//573 1023//572
f 1023//572 1024//573 1014//563
f 1033//582 1035//584 1025//574
f 1025//574 1027//576 1029//578
f 1029//578 1031//580 1033//582
f 1028//577 1026//575 1036//585
f 1036//585 1034//583 1032//581
f 1032//581 1030//579 1028//577
f 1025//574 1026//575 1028//577
f 1028//577 1030//579 1029//578
f 1030//579 1032//581 1031//580
f 1032//581 1034//583 1033//582
f 1034//583 1036//585 1035//584
f 1035//584 1036//585 1026//575
f 1045//588 1047//589 1037//538
f 1037//538 1039//586 1041//587
f 1041//587 1043//544 1045//588
f 1040//541 1038//539 1048//549
f 1048//549 1046//547 1044//545
f 1044//545 1042//543 1040//541
f 1038//539 1040//541 1039//586
f 1040//541 1042//543 1041//587
f 1041//587 1042//543 1044//545
f 1043//544 1044//545 1046//547
f 1045//588 1046//547 1048//549
f 1048//549 1038//539 1037//538
f 1057//591 1059//592 1049//550
f 1049//550 1051//590 1053//554
f 1053//554 1055//556 1057//591
f 1052//553 1050//551 1060//561
f 1060//561 1058//559 1056//557
f 1056//557 1054//555 1052//553
f 1050//551 1052//553 1051//590
f 1051//590 1052//553 1054//555
f 1053//554 1054//555 1056//557
f 1055//556 1056//557 1058//559
f 1057//591 1058//559 1060//561
f 1060//561 1050//551 1049//550
f 1069//570 1071//572 1061//562
f 1061//562 1063//564 1065//566
f 1065//566 1067//568 1069//570
f 1064//565 1062//593 1072//573
f 1072//573 1070//571 1068//569
f 1068//569 1066//567 1064//565
f 1062//593 1064//565 1063//564
f 1064//565 1066//567 1065//566
f 1065//566 1066//567 1068//569
f 1067//568 1068//569 1070//571
f 1069//570 1070//571 1072//573
f 1072//573 1062//593 1061//562
f 1081//582 1083//584 1073//574
f 1073//574 1075//576 1077//578
f 1077//578 1079//580 1081//582
f 1076//594 1074//575 1084//585
f 1084//585 1082//583 1080//581
f 1080//581 1078//595 1076//594
f 1073//574 1074//575 1076//594
f 1075//576 1076//594 1078//595
f 1078//595 1080//581 1079//580
f 1080//581 1082//583 1081//582
f 1081//582 1082//583 1084//585
f 1083//584 1084//585 1074//575
f 1093//546 1095//548 1085//538
f 1085//538 1087//586 1089//587
f 1089//587 1091//544 1093//546
f 1088//541 1086//539 1096//549
f 1096//549 1094//547 1092//545
f 1092//545 1090//543 1088//541
f 1086//539 1088//541 1087//586
f 1088//541 1090//543 1089//587
f 1089//587 1090//543 1092//545
f 1092//545 1094//547 1093//546
f 1094//547 1096//549 1095//548
f 1095//548 1096//549 1086//539
f 1105//591 1107//560 1097//550
f 1097//550 1099//552 1101//554
f 1101//554 1103//556 1105//591
f 1100//553 1098//551 1108//561
f 1108//561 1106//559 1104//557
f 1104//557 1102//555 1100//553
f 1097//550 1098//551 1100//553
f 1100//553 1102//555 1101//554
f 1102//555 1104//557 1103//556
f 1104//557 1106//559 1105//591
f 1106//559 1108//561 1107//560
f 1107//560 1108//561 1098//551
f 1117//570 1119//572 1109//562
f 1109//562 1111//564 1113//566
f 1113//566 1115//568 1117//570
f 1112//565 1110//563 1120//573
f 1120//573 1118//571 1116//569
f 1116//569 1114//567 1112//565
f 1110//563 1112//565 1111//564
f 1112//565 1114//567 1113//566
f 1113//566 1114//567 1116//569
f 1115//568 1116//569 1118//571
f 1118//571 1120//573 1119//572
f 1120//573 1110//563 1109//562
f 1129//598 1131//600 1121//574
f 1121//574 1123//596 1125//597
f 1125//597 1127//580 1129//598
f 1124//577 1122//575 1132//601
f 1132//601 1130//599 1128//581
f 1128//581 1126//579 1124//577
f 1122//575 1124//577 1123//596
f 1124//577 1126//579 1125//597
f 1125//597 1126//579 1128//581
f 1127//580 1128//581 1130//599
f 1130//599 1132//601 1131//600
f 1132//601 1122//575 1121//574
